{"type": "FeatureCollection", "slug": "temuco_padre_las_casas", "nombre": "Temuco-Padre Las Casas", "usos": {"T": "Total", "H": "Habitacional", "C": "Comercio", "E": "Educación", "S": "Salud", "O": "Oficina", "I": "Industria"}, "anios": [2024, 2030, 2035], "anios_hist": [2013, 2014, 2015, 2016, 2017, 2018, 2019, 2020, 2021, 2022, 2023, 2024], "features": [{"type": "Feature", "geometry": {"type": "Polygon", "coordinates": [[[-72.65172845899991, -38.68639225599992], [-72.65203366499992, -38.68549642699992], [-72.65199575699995, -38.68531713699991], [-72.65156292199993, -38.68470641999994], [-72.6547471149999, -38.6839660949999], [-72.65803841399992, -38.688508046999914], [-72.6578001279999, -38.689366021999945], [-72.65699514799991, -38.69095545199991], [-72.65685911999992, -38.691451885999925], [-72.65662047699993, -38.691502312999944], [-72.65649199899991, -38.691943746999925], [-72.65594142599991, -38.69203700399993], [-72.6553848989999, -38.691963262999934], [-72.65448480999993, -38.691349216999924], [-72.65362879899993, -38.691481032999945], [-72.6525963439999, -38.69084119099995], [-72.6516159979999, -38.69105917799993], [-72.65140948999993, -38.69124263799995], [-72.65106345299995, -38.69224407699994], [-72.64889483399992, -38.691706334999935], [-72.64857330299992, -38.691363648999925], [-72.64846404299993, -38.691128729999946], [-72.64852722899991, -38.69093608999992], [-72.64936871599991, -38.690261534999934], [-72.6493508399999, -38.68967102999994], [-72.6491522529999, -38.689114770999936], [-72.64955841999995, -38.68873028099995], [-72.64982280399994, -38.68794982299994], [-72.65007130399994, -38.68798350399993], [-72.65007566999992, -38.68777985399993], [-72.65039710099995, -38.687210095999944], [-72.6511886319999, -38.68685466699992], [-72.65141215499995, -38.68631738999994], [-72.65172845899991, -38.68639225599992]]]}, "properties": {"zona": "910114004", "comuna": "Temuco", "H": [61361, 830, [18036, 20505, 28995, 34558, 53823, 56955, 57088, 57307, 58212, 59925, 60681, 61361]], "C": [0, 0, [0, 0, 0, 0, 0, 0, 0, 0, 0, 0, 0, 0]], "E": [4134, 816, [0, 0, 0, 0, 0, 0, 0, 0, 0, 3043, 3043, 4134]], "S": [0, 0, [0, 0, 0, 0, 0, 0, 0, 0, 0, 0, 0, 0]], "O": [0, 0, [0, 0, 0, 0, 0, 0, 0, 0, 0, 0, 0, 0]], "I": [0, 0, [0, 0, 0, 0, 0, 0, 0, 0, 0, 0, 0, 0]], "T": [65495, 1646, [18036, 20505, 28995, 34558, 53823, 56955, 57088, 57307, 58212, 62968, 63724, 65495]]}}, {"type": "Feature", "geometry": {"type": "Polygon", "coordinates": [[[-72.5569995429999, -38.714958328999955], [-72.55430878099992, -38.71473138999994], [-72.54898201899994, -38.70713854999991], [-72.54804347399994, -38.70612595999995], [-72.5469876219999, -38.705256050999935], [-72.54553210799992, -38.704376117999914], [-72.53166656299993, -38.697474120999914], [-72.53464075699992, -38.69022510599996], [-72.53629549499993, -38.69146822499994], [-72.53784331399993, -38.69285653399993], [-72.53965702399995, -38.69404847099992], [-72.54195939999994, -38.69583870999992], [-72.55893571299993, -38.711203594999915], [-72.55780036899995, -38.71196869399995], [-72.55749434099994, -38.71235564199992], [-72.5569995429999, -38.714958328999955]]]}, "properties": {"zona": "910106004", "comuna": "Temuco", "H": [173659, 6325, [108910, 109160, 115642, 123027, 123077, 125124, 125124, 130603, 152026, 154436, 167743, 173659]], "C": [14415, 106, [7684, 7684, 7684, 7684, 13590, 13590, 13590, 14295, 14295, 14295, 14295, 14415]], "E": [21777, 0, [21623, 21623, 21623, 21777, 21777, 21777, 21777, 21777, 21777, 21777, 21777, 21777]], "S": [0, 0, [0, 0, 0, 0, 0, 0, 0, 0, 0, 0, 0, 0]], "O": [3050, 0, [3050, 3050, 3050, 3050, 3050, 3050, 3050, 3050, 3050, 3050, 3050, 3050]], "I": [0, 0, [0, 0, 0, 0, 0, 0, 0, 0, 0, 0, 0, 0]], "T": [212901, 6431, [141267, 141517, 147999, 155538, 161494, 163541, 163541, 169725, 191148, 193558, 206865, 212901]]}}, {"type": "Feature", "geometry": {"type": "Polygon", "coordinates": [[[-72.5303529759999, -38.70014899599994], [-72.53086971999994, -38.69933970699992], [-72.53166656299993, -38.697474120999914], [-72.54585409099991, -38.7045467719999], [-72.5469876219999, -38.705256050999935], [-72.54819042399993, -38.706264949999934], [-72.5480808449999, -38.70640978299991], [-72.5484307509999, -38.706788392999954], [-72.5468121259999, -38.70610183799994], [-72.54589798699993, -38.70737880999991], [-72.54530421299995, -38.70782850299992], [-72.5457377219999, -38.7081837689999], [-72.54544710999994, -38.70838224599993], [-72.54435274499991, -38.709650179999926], [-72.54685790199994, -38.7110967399999], [-72.54896822299992, -38.711587978999944], [-72.54918242899993, -38.713818303999915], [-72.54946121199993, -38.71438500399995], [-72.54998334599992, -38.71478539299994], [-72.54906685599991, -38.71724343999995], [-72.54976152899991, -38.71837217399991], [-72.55057219899993, -38.718907385999955], [-72.55191867999991, -38.72003212599992], [-72.55256657099994, -38.7212307179999], [-72.5533659859999, -38.72423272599991], [-72.55336685899994, -38.72451758999995], [-72.55315493699993, -38.7247797199999], [-72.55335311699992, -38.72527023899994], [-72.55414067899994, -38.72633428899991], [-72.55455149999995, -38.72794229099992], [-72.5545301539999, -38.72956268199994], [-72.55435622999994, -38.72979228899993], [-72.55419361299994, -38.730609632999915], [-72.55469771199995, -38.73095768799993], [-72.55468861899993, -38.73130346499994], [-72.5544850089999, -38.7317287539999], [-72.55465992699993, -38.731906985999956], [-72.55454583999995, -38.732209017999935], [-72.55461288099991, -38.73272636299993], [-72.55501615999992, -38.73321633599994], [-72.55542778099993, -38.73397958999993], [-72.55115747799994, -38.73250997899993], [-72.55051203599993, -38.732072709999954], [-72.54988972799993, -38.731379499999946], [-72.54981650699995, -38.73102125999992], [-72.54989371599993, -38.73074789499992], [-72.55082044799991, -38.72908912699995], [-72.55066190499991, -38.72840347899995], [-72.55072833199995, -38.727613885999915], [-72.5513264999999, -38.726571759999956], [-72.55178191199991, -38.724956283999916], [-72.55132928599994, -38.72294021199991], [-72.55054276099992, -38.72156191599993], [-72.5497062579999, -38.72064353299993], [-72.54892044299993, -38.72018067699992], [-72.5486431519999, -38.71981783199993], [-72.54822944799992, -38.71957299899992], [-72.54716812099991, -38.71928390399995], [-72.5468917689999, -38.71943145299991], [-72.5457676069999, -38.71932261299992], [-72.54468308999992, -38.71899646299994], [-72.54359755599995, -38.71831754199991], [-72.54332821999992, -38.718406590999905], [-72.54281785699993, -38.71827592099993], [-72.54078196299992, -38.71642262799992], [-72.54080465299995, -38.71620695599995], [-72.5405033799999, -38.71584373099995], [-72.54014942599991, -38.71465107699993], [-72.54021982899991, -38.71410553299995], [-72.54080594299995, -38.71291514099994], [-72.53984948099992, -38.710055481999916], [-72.5387674719999, -38.708602534999955], [-72.53813717399993, -38.708062824999956], [-72.53729319399991, -38.707726117999925], [-72.53619039699993, -38.70756884499991], [-72.53480520399995, -38.7066192929999], [-72.53139428899993, -38.70531315399995], [-72.5322514799999, -38.70386687599995], [-72.53305693399994, -38.70280573899993], [-72.53293053099992, -38.702502272999936], [-72.52966411699992, -38.70061312799993], [-72.53000149299993, -38.700052367999945], [-72.5303529759999, -38.70014899599994]]]}, "properties": {"zona": "910112002", "comuna": "Temuco", "H": [67615, 1709, [41021, 41264, 44546, 45596, 45733, 45867, 46089, 60023, 61381, 63801, 65898, 67615]], "C": [1771, 12, [0, 1573, 1573, 1663, 1663, 1663, 1663, 1771, 1771, 1771, 1771, 1771]], "E": [967, 104, [0, 0, 0, 0, 0, 0, 0, 967, 967, 967, 967, 967]], "S": [0, 0, [0, 0, 0, 0, 0, 0, 0, 0, 0, 0, 0, 0]], "O": [594, 6, [504, 504, 504, 504, 504, 504, 594, 594, 594, 594, 594, 594]], "I": [3071, 49, [2384, 2384, 2384, 2384, 2384, 2384, 3071, 3071, 3071, 3071, 3071, 3071]], "T": [74018, 1880, [43909, 45725, 49007, 50147, 50284, 50418, 51417, 66426, 67784, 70204, 72301, 74018]]}}, {"type": "Feature", "geometry": {"type": "Polygon", "coordinates": [[[-72.63968627199995, -38.7087997669999], [-72.63868880299992, -38.70802826699992], [-72.6442132219999, -38.705108769999924], [-72.64789510899993, -38.70375098599993], [-72.64911408599994, -38.70282974999992], [-72.6497333929999, -38.702151329999936], [-72.65289316499991, -38.70880403499996], [-72.6510732019999, -38.70917680499991], [-72.65040111099995, -38.709644872999945], [-72.6505475859999, -38.710529729999905], [-72.65051121899995, -38.71152425899993], [-72.65005266799994, -38.7122265509999], [-72.64869201099992, -38.71272804599994], [-72.6468815149999, -38.712813997999945], [-72.6453295789999, -38.71347315799994], [-72.64435895899993, -38.71322847899995], [-72.64392742299992, -38.713342191999914], [-72.64336786899992, -38.71368908499994], [-72.64305400299992, -38.713176766999936], [-72.64258416199993, -38.713046928999916], [-72.64222981299991, -38.71272219499991], [-72.64202674799992, -38.711885958999915], [-72.64161428999995, -38.711493023999935], [-72.64153356399993, -38.710753833999945], [-72.6410820829999, -38.71007833699991], [-72.6407760159999, -38.70978036899993], [-72.63991388599993, -38.70936893699991], [-72.63968627199995, -38.7087997669999]]]}, "properties": {"zona": "910111003", "comuna": "Temuco", "H": [28641, 376, [19757, 20884, 22798, 23977, 25343, 26256, 26875, 27067, 27779, 28159, 28477, 28641]], "C": [104, 0, [0, 0, 0, 104, 104, 104, 104, 104, 104, 104, 104, 104]], "E": [2977, 638, [0, 0, 0, 0, 0, 0, 0, 0, 0, 0, 2977, 2977]], "S": [0, 0, [0, 0, 0, 0, 0, 0, 0, 0, 0, 0, 0, 0]], "O": [0, 0, [0, 0, 0, 0, 0, 0, 0, 0, 0, 0, 0, 0]], "I": [1274, 0, [1274, 1274, 1274, 1274, 1274, 1274, 1274, 1274, 1274, 1274, 1274, 1274]], "T": [32996, 1014, [21031, 22158, 24072, 25355, 26721, 27634, 28253, 28445, 29157, 29537, 32832, 32996]]}}, {"type": "Feature", "geometry": {"type": "Polygon", "coordinates": [[[-72.62965048599995, -38.70633187099992], [-72.63207117399992, -38.70595070399992], [-72.63257826999995, -38.70744517999992], [-72.63525718099993, -38.708556708999936], [-72.63593889499992, -38.710444252999935], [-72.63694423699991, -38.70941464099991], [-72.63700665199991, -38.70951207899992], [-72.63454205599993, -38.71200042699991], [-72.63078874799993, -38.7150761069999], [-72.62708779399992, -38.71695515399995], [-72.62660931799991, -38.7153764759999], [-72.6258455869999, -38.71527987099995], [-72.62541216599993, -38.71419435699994], [-72.62536715599992, -38.713990715999955], [-72.62565610299993, -38.71286131499994], [-72.62525438199992, -38.7117088679999], [-72.6286883009999, -38.71099373299995], [-72.62784735499991, -38.70834908599994], [-72.62813773899995, -38.708174235999934], [-72.62753858699995, -38.70643361499992], [-72.6285894909999, -38.70615668999994], [-72.62965048599995, -38.70633187099992]]]}, "properties": {"zona": "910114003", "comuna": "Temuco", "H": [78171, 1091, [58577, 59472, 63973, 69388, 69436, 71079, 73592, 74151, 74995, 76491, 76907, 78171]], "C": [3630, 0, [3543, 3543, 3543, 3630, 3630, 3630, 3630, 3630, 3630, 3630, 3630, 3630]], "E": [5312, 190, [0, 0, 0, 0, 0, 5312, 5312, 5312, 5312, 5312, 5312, 5312]], "S": [257, 0, [257, 257, 257, 257, 257, 257, 257, 257, 257, 257, 257, 257]], "O": [0, 0, [0, 0, 0, 0, 0, 0, 0, 0, 0, 0, 0, 0]], "I": [0, 0, [0, 0, 0, 0, 0, 0, 0, 0, 0, 0, 0, 0]], "T": [87370, 1281, [62377, 63272, 67773, 73275, 73323, 80278, 82791, 83350, 84194, 85690, 86106, 87370]]}}, {"type": "Feature", "geometry": {"type": "Polygon", "coordinates": [[[-72.62254145999992, -38.70769661499992], [-72.62238302899993, -38.70687033799993], [-72.62279475299994, -38.70653235399993], [-72.62315024399993, -38.70591042399991], [-72.62355123899994, -38.705713174999914], [-72.62449421999992, -38.70554953099992], [-72.62502218399993, -38.70709666999994], [-72.62753858699995, -38.70643361499992], [-72.62813773899995, -38.708174235999934], [-72.62784735499991, -38.70834908599994], [-72.6286883009999, -38.71099373299995], [-72.62690824299995, -38.71135953499993], [-72.62661074899995, -38.71064196099991], [-72.6263172429999, -38.710393533999934], [-72.62575655199993, -38.710412607999956], [-72.62543511299992, -38.70976635799991], [-72.62500564699991, -38.71004830599992], [-72.62469840299991, -38.71048463499994], [-72.62428252399991, -38.71161116799993], [-72.62330347199992, -38.712457377999954], [-72.62307835199994, -38.71313517599992], [-72.62199448399991, -38.71330494099993], [-72.62149519299993, -38.71394801099996], [-72.61972987999991, -38.71420940099995], [-72.61991088099995, -38.71263181699993], [-72.6204114489999, -38.71177704199994], [-72.62051879499995, -38.7117476919999], [-72.62036981099993, -38.71167429299993], [-72.62017766499991, -38.710135399999956], [-72.61998024499991, -38.70973580099991], [-72.6194910019999, -38.709378485999935], [-72.62195589299995, -38.709103357999936], [-72.62254145999992, -38.70769661499992]]]}, "properties": {"zona": "910114002", "comuna": "Temuco", "H": [46463, 803, [27940, 29208, 31638, 35607, 38202, 38348, 38570, 43086, 43640, 44442, 45332, 46463]], "C": [200, 0, [87, 87, 200, 200, 200, 200, 200, 200, 200, 200, 200, 200]], "E": [1510, 0, [1510, 1510, 1510, 1510, 1510, 1510, 1510, 1510, 1510, 1510, 1510, 1510]], "S": [3269, 223, [148, 148, 148, 148, 148, 148, 3269, 3269, 3269, 3269, 3269, 3269]], "O": [0, 0, [0, 0, 0, 0, 0, 0, 0, 0, 0, 0, 0, 0]], "I": [0, 0, [0, 0, 0, 0, 0, 0, 0, 0, 0, 0, 0, 0]], "T": [51442, 1026, [29685, 30953, 33496, 37465, 40060, 40206, 43549, 48065, 48619, 49421, 50311, 51442]]}}, {"type": "Feature", "geometry": {"type": "Polygon", "coordinates": [[[-72.66541208599995, -38.70643634399994], [-72.66578599699994, -38.70636930899991], [-72.66768249799992, -38.71115140099994], [-72.66224249499993, -38.711843253999916], [-72.66107641399992, -38.70881373799995], [-72.65959883399995, -38.70900941199994], [-72.6505091919999, -38.7110708859999], [-72.65054491299992, -38.710491292999905], [-72.65039274599991, -38.709659751999936], [-72.65121228299995, -38.70913302699995], [-72.65286259299995, -38.70881211799991], [-72.65412173899995, -38.70840858299994], [-72.65639205399992, -38.70798215699995], [-72.65878018199993, -38.70849044399995], [-72.66052494399992, -38.70818086299994], [-72.66093459299992, -38.70823588999991], [-72.66123667099993, -38.707974143999934], [-72.66178603399993, -38.70718324499995], [-72.66343200099993, -38.70674619999994], [-72.66381915199992, -38.70679738799993], [-72.66429649999992, -38.70703306999991], [-72.6645757519999, -38.70678685899992], [-72.66523154799995, -38.70691774399995], [-72.66539975899991, -38.70673736599991], [-72.66541208599995, -38.70643634399994]]]}, "properties": {"zona": "910111002", "comuna": "Temuco", "H": [90990, 1577, [74806, 75130, 79386, 82330, 82492, 82622, 82784, 83452, 85261, 87345, 88812, 90990]], "C": [655, 0, [534, 534, 534, 655, 655, 655, 655, 655, 655, 655, 655, 655]], "E": [894, 0, [894, 894, 894, 894, 894, 894, 894, 894, 894, 894, 894, 894]], "S": [0, 0, [0, 0, 0, 0, 0, 0, 0, 0, 0, 0, 0, 0]], "O": [0, 0, [0, 0, 0, 0, 0, 0, 0, 0, 0, 0, 0, 0]], "I": [0, 0, [0, 0, 0, 0, 0, 0, 0, 0, 0, 0, 0, 0]], "T": [92539, 1577, [76234, 76558, 80814, 83879, 84041, 84171, 84333, 85001, 86810, 88894, 90361, 92539]]}}, {"type": "Feature", "geometry": {"type": "Polygon", "coordinates": [[[-72.6298231419999, -38.71631777099992], [-72.62952514199992, -38.71572524699991], [-72.63078874799993, -38.7150761069999], [-72.63454205599993, -38.71200042699991], [-72.63707686499993, -38.70944046099993], [-72.63868880299992, -38.70802826699992], [-72.63968459099993, -38.708796021999945], [-72.63991388599993, -38.70936893699991], [-72.64077585399991, -38.70978027199993], [-72.64104531999993, -38.710033617999954], [-72.64153356399993, -38.710753833999945], [-72.64160022099992, -38.71146363199995], [-72.64202674799992, -38.711885958999915], [-72.64222981299991, -38.71272219499991], [-72.64258416199993, -38.713046928999916], [-72.64303516099994, -38.713161173999936], [-72.64336233699993, -38.71363769399994], [-72.64320794299994, -38.71398428099991], [-72.64275998999994, -38.71447449699991], [-72.64271167999993, -38.715190367999924], [-72.6422020469999, -38.715384952999955], [-72.64208851099994, -38.71578372599993], [-72.64171334699995, -38.71588559799994], [-72.6415679399999, -38.71609632399992], [-72.64165181299995, -38.71641228999994], [-72.64214230199991, -38.71689071299994], [-72.64184514999994, -38.71743829899992], [-72.64197529199993, -38.71776265999995], [-72.64228869199991, -38.71790514299994], [-72.64215779499995, -38.71845572299992], [-72.64193574799992, -38.718571579999946], [-72.64125222799993, -38.71845688399992], [-72.64094836499993, -38.718789375999904], [-72.64129164499991, -38.719139680999945], [-72.6411647079999, -38.71933803099995], [-72.6398605679999, -38.71938475999991], [-72.63958959099995, -38.71999577899993], [-72.63832716899992, -38.72036220699994], [-72.63753913599993, -38.720341342999916], [-72.63626604899991, -38.71995562299992], [-72.63377945799994, -38.71992264499994], [-72.63181277099994, -38.71921177599995], [-72.63126997799992, -38.71920493099992], [-72.63115271099991, -38.71818802599995], [-72.63085940799994, -38.71742972699991], [-72.63047410099995, -38.71690102699995], [-72.6298231419999, -38.71631777099992]]]}, "properties": {"zona": "910119001", "comuna": "Temuco", "H": [55652, 765, [43951, 44829, 46316, 50442, 50692, 51109, 51529, 52070, 53124, 54429, 55194, 55652]], "C": [2074, 0, [2016, 2016, 2016, 2016, 2074, 2074, 2074, 2074, 2074, 2074, 2074, 2074]], "E": [207, 0, [207, 207, 207, 207, 207, 207, 207, 207, 207, 207, 207, 207]], "S": [0, 0, [0, 0, 0, 0, 0, 0, 0, 0, 0, 0, 0, 0]], "O": [475, 0, [475, 475, 475, 475, 475, 475, 475, 475, 475, 475, 475, 475]], "I": [0, 0, [0, 0, 0, 0, 0, 0, 0, 0, 0, 0, 0, 0]], "T": [58408, 765, [46649, 47527, 49014, 53140, 53448, 53865, 54285, 54826, 55880, 57185, 57950, 58408]]}}, {"type": "Feature", "geometry": {"type": "Polygon", "coordinates": [[[-72.65411349599992, -38.711805202999926], [-72.65346231899991, -38.710387760999936], [-72.65959883399995, -38.70900941199994], [-72.66107641399992, -38.70881373799995], [-72.66224249499993, -38.711843253999916], [-72.66768249799992, -38.71115140099994], [-72.6681100639999, -38.71227541399992], [-72.66528604199993, -38.71263173199992], [-72.6657233219999, -38.71414142099991], [-72.66572734699992, -38.717273321999926], [-72.66144113999991, -38.71738876799992], [-72.65853085499992, -38.71689797899995], [-72.65220016199993, -38.71794124599995], [-72.65205502799995, -38.717352225999946], [-72.65412733099993, -38.71265693899994], [-72.65419771199993, -38.71230695599991], [-72.65411349599992, -38.711805202999926]]]}, "properties": {"zona": "910111001", "comuna": "Temuco", "H": [202560, 13429, [87161, 89399, 105639, 116775, 125599, 125713, 125776, 142718, 151526, 177068, 193505, 202560]], "C": [1207, 142, [411, 411, 411, 411, 411, 411, 411, 411, 493, 1115, 1207, 1207]], "E": [9779, 0, [571, 571, 571, 5739, 9779, 9779, 9779, 9779, 9779, 9779, 9779, 9779]], "S": [2093, 0, [0, 2093, 2093, 2093, 2093, 2093, 2093, 2093, 2093, 2093, 2093, 2093]], "O": [0, 0, [0, 0, 0, 0, 0, 0, 0, 0, 0, 0, 0, 0]], "I": [0, 0, [0, 0, 0, 0, 0, 0, 0, 0, 0, 0, 0, 0]], "T": [215639, 13571, [88143, 92474, 108714, 125018, 137882, 137996, 138059, 155001, 163891, 190055, 206584, 215639]]}}, {"type": "Feature", "geometry": {"type": "Polygon", "coordinates": [[[-72.62428252399991, -38.71161116799993], [-72.62500564699991, -38.71004830599992], [-72.62543511299992, -38.70976635799991], [-72.6257032549999, -38.71036747599993], [-72.62589353299995, -38.710464945999945], [-72.62634005699994, -38.7104050609999], [-72.62663886299993, -38.71067624799991], [-72.6268005789999, -38.711051004999945], [-72.62690824299995, -38.71135953499993], [-72.62525438199992, -38.7117088679999], [-72.62565610299993, -38.71286131499994], [-72.62536668299992, -38.714026745999945], [-72.6258455869999, -38.71527987099995], [-72.62660931799991, -38.7153764759999], [-72.62708779399992, -38.71695515399995], [-72.62046485499991, -38.71884467399991], [-72.62071134099995, -38.717752333999954], [-72.62053812999994, -38.71714512999995], [-72.62052560599994, -38.71648263399993], [-72.62030407399993, -38.71603212399992], [-72.61961485899991, -38.71518465199995], [-72.61972987999991, -38.71420940099995], [-72.62149519299993, -38.71394801099996], [-72.62199448399991, -38.71330494099993], [-72.62307835199994, -38.71313517599992], [-72.62330347199992, -38.712457377999954], [-72.62428252399991, -38.71161116799993]]]}, "properties": {"zona": "910114001", "comuna": "Temuco", "H": [48988, 324, [33400, 33562, 34383, 35315, 35572, 46848, 47609, 47758, 47953, 48345, 48796, 48988]], "C": [2846, 13, [2756, 2756, 2756, 2756, 2756, 2801, 2801, 2801, 2801, 2801, 2801, 2846]], "E": [2134, 0, [1378, 1378, 2134, 2134, 2134, 2134, 2134, 2134, 2134, 2134, 2134, 2134]], "S": [0, 0, [0, 0, 0, 0, 0, 0, 0, 0, 0, 0, 0, 0]], "O": [0, 0, [0, 0, 0, 0, 0, 0, 0, 0, 0, 0, 0, 0]], "I": [0, 0, [0, 0, 0, 0, 0, 0, 0, 0, 0, 0, 0, 0]], "T": [53968, 337, [37534, 37696, 39273, 40205, 40462, 51783, 52544, 52693, 52888, 53280, 53731, 53968]]}}, {"type": "Feature", "geometry": {"type": "Polygon", "coordinates": [[[-72.64389069099991, -38.721643446999906], [-72.64807306999995, -38.71926776499993], [-72.65011573599992, -38.71833878299992], [-72.65220016199993, -38.71794124599995], [-72.65266236499991, -38.718426637999926], [-72.65527799099993, -38.72026656799994], [-72.65641414299995, -38.72234366899994], [-72.65644620699993, -38.72242927499991], [-72.6562028109999, -38.72238346799992], [-72.65588150299993, -38.72253869499991], [-72.65499587599993, -38.72245636799994], [-72.6541063869999, -38.72221429699994], [-72.65352732299993, -38.72185641199991], [-72.6531611609999, -38.72143860199992], [-72.65253065299993, -38.72126479099995], [-72.65219048999995, -38.72104207599995], [-72.65097156899992, -38.72075408099994], [-72.65012114699994, -38.72083590999995], [-72.64881003099993, -38.72162005999991], [-72.6479296519999, -38.72231543099991], [-72.64777297099994, -38.722505723999916], [-72.64771049199993, -38.722939519999954], [-72.64643506699991, -38.723491838999905], [-72.64631197299991, -38.72376249999991], [-72.64637169699995, -38.72431701399995], [-72.64619806499991, -38.72490919099994], [-72.64538310299992, -38.72516508699994], [-72.6447455789999, -38.72551791399991], [-72.64436514099992, -38.72606436299992], [-72.64451532599992, -38.72633143599995], [-72.64439490399991, -38.727227661999905], [-72.64481874899991, -38.72838225599992], [-72.64581749799993, -38.73063210399994], [-72.6466000929999, -38.731443767999906], [-72.64914415599992, -38.73188389499995], [-72.65130582099994, -38.73277080199995], [-72.65424814799991, -38.73277028799993], [-72.65417519999994, -38.733124405999945], [-72.65333082899991, -38.734852118999925], [-72.65319156299995, -38.73494794699991], [-72.6533389949999, -38.73718919499993], [-72.65353694599992, -38.73739061999993], [-72.65315907299993, -38.738162374999945], [-72.65258373799992, -38.7387894979999], [-72.65187495999993, -38.73878973099994], [-72.65121624099993, -38.73837176099994], [-72.65037503999991, -38.73810929799993], [-72.64970202599994, -38.73758042299994], [-72.6490005629999, -38.73725281499992], [-72.64861220799992, -38.73680226599993], [-72.64829974299994, -38.73661830499992], [-72.64638548199991, -38.73667519599991], [-72.6450459799999, -38.734292558999925], [-72.64462024699992, -38.73394054999994], [-72.64363802899993, -38.73381295199994], [-72.64280524899993, -38.73388805499991], [-72.64249669399993, -38.73372908899995], [-72.64226147399995, -38.733432612999934], [-72.64212369299992, -38.732965091999915], [-72.64184312799995, -38.7328132799999], [-72.6429385049999, -38.732600256999945], [-72.63905934899992, -38.7280994539999], [-72.6384193689999, -38.72751257099992], [-72.63767910199994, -38.72726345099994], [-72.63717895899993, -38.727327041999956], [-72.63680339699994, -38.727988102999916], [-72.63649604699992, -38.72807440699995], [-72.63617307099992, -38.72796458699992], [-72.6356572389999, -38.7274560269999], [-72.63573937899992, -38.727314262999926], [-72.63619045899992, -38.72712729299991], [-72.63620440199992, -38.72694762599991], [-72.63512986199993, -38.72639143999993], [-72.6346007809999, -38.72631770499993], [-72.63432602499995, -38.72666892399991], [-72.6336185529999, -38.726849381999955], [-72.63276682499992, -38.72642407699993], [-72.6304889619999, -38.72629130799993], [-72.62976995299994, -38.72642042699994], [-72.62840795299991, -38.7260101089999], [-72.6297889619999, -38.72550394399991], [-72.6319019309999, -38.725097011999935], [-72.63394426399992, -38.723748601999944], [-72.6349235159999, -38.72324877199992], [-72.63616469599992, -38.72280447499992], [-72.6405609979999, -38.72248375799995], [-72.64389069099991, -38.721643446999906]]]}, "properties": {"zona": "910119006", "comuna": "Temuco", "H": [180203, 9596, [65432, 72120, 77472, 99892, 121847, 128845, 132980, 136050, 148853, 153585, 170577, 180203]], "C": [590, 0, [590, 590, 590, 590, 590, 590, 590, 590, 590, 590, 590, 590]], "E": [12769, 1368, [0, 0, 0, 0, 0, 0, 0, 12769, 12769, 12769, 12769, 12769]], "S": [0, 0, [0, 0, 0, 0, 0, 0, 0, 0, 0, 0, 0, 0]], "O": [527, 20, [0, 433, 433, 433, 433, 433, 433, 433, 433, 433, 527, 527]], "I": [0, 0, [0, 0, 0, 0, 0, 0, 0, 0, 0, 0, 0, 0]], "T": [194089, 10984, [66022, 73143, 78495, 100915, 122870, 129868, 134003, 149842, 162645, 167377, 184463, 194089]]}}, {"type": "Feature", "geometry": {"type": "Polygon", "coordinates": [[[-72.5570470799999, -38.7149602959999], [-72.55749434099994, -38.71235564199992], [-72.55780036899995, -38.71196869399995], [-72.55893571299993, -38.711203594999915], [-72.56427064499991, -38.716072270999916], [-72.56420500699994, -38.71626424999994], [-72.5643102709999, -38.71637057999993], [-72.56240194299994, -38.71610868199991], [-72.56175888799993, -38.71841120599993], [-72.55690753199991, -38.71800488699995], [-72.55661988999992, -38.71761892399991], [-72.5565425179999, -38.71795898999994], [-72.55430878099992, -38.71473138999994], [-72.5570470799999, -38.7149602959999]]]}, "properties": {"zona": "910106005", "comuna": "Temuco", "H": [65793, 1043, [59053, 59053, 59551, 60151, 60455, 60455, 60455, 60675, 61724, 63288, 64306, 65793]], "C": [1470, 11, [949, 949, 1169, 1169, 1169, 1470, 1470, 1470, 1470, 1470, 1470, 1470]], "E": [3979, 0, [1856, 3979, 3979, 3979, 3979, 3979, 3979, 3979, 3979, 3979, 3979, 3979]], "S": [0, 0, [0, 0, 0, 0, 0, 0, 0, 0, 0, 0, 0, 0]], "O": [241, 0, [241, 241, 241, 241, 241, 241, 241, 241, 241, 241, 241, 241]], "I": [0, 0, [0, 0, 0, 0, 0, 0, 0, 0, 0, 0, 0, 0]], "T": [71483, 1054, [62099, 64222, 64940, 65540, 65844, 66145, 66145, 66365, 67414, 68978, 69996, 71483]]}}, {"type": "Feature", "geometry": {"type": "Polygon", "coordinates": [[[-72.61678487599994, -38.71378127999992], [-72.61987028899995, -38.71298590199996], [-72.61961485899991, -38.71518465199995], [-72.62049770699991, -38.71639196499996], [-72.6207052179999, -38.71793691599993], [-72.6204637379999, -38.718551558999934], [-72.62046485499991, -38.71884467399991], [-72.6200010149999, -38.71923800499991], [-72.61974912099993, -38.71976059599996], [-72.61962099999994, -38.71973494899993], [-72.61932817599995, -38.720451401999924], [-72.61924799499991, -38.72030391699991], [-72.61781967899992, -38.72066434199991], [-72.61693930699994, -38.71826563099995], [-72.6155472609999, -38.71713306099991], [-72.61548289799993, -38.716982912999924], [-72.61563009999992, -38.71668818499995], [-72.6151649489999, -38.716179637999915], [-72.61356524699994, -38.71651639299995], [-72.61322196399993, -38.7166559339999], [-72.61301507899992, -38.71689258999993], [-72.61243606799991, -38.71675312699995], [-72.61275311599991, -38.71622897699996], [-72.61259260399993, -38.71597583499994], [-72.61243061999994, -38.71586546099991], [-72.61200491999995, -38.715984861999914], [-72.61151982399991, -38.715787151999905], [-72.6138666839999, -38.713630724999916], [-72.61678487599994, -38.71378127999992]]]}, "properties": {"zona": "910108006", "comuna": "Temuco", "H": [43428, 687, [32712, 33769, 35185, 38743, 38903, 39474, 39772, 40231, 41031, 42352, 43009, 43428]], "C": [611, 0, [416, 611, 611, 611, 611, 611, 611, 611, 611, 611, 611, 611]], "E": [4993, 157, [3449, 3449, 3449, 3449, 3449, 3449, 4733, 4733, 4733, 4733, 4733, 4993]], "S": [0, 0, [0, 0, 0, 0, 0, 0, 0, 0, 0, 0, 0, 0]], "O": [612, 0, [612, 612, 612, 612, 612, 612, 612, 612, 612, 612, 612, 612]], "I": [0, 0, [0, 0, 0, 0, 0, 0, 0, 0, 0, 0, 0, 0]], "T": [49644, 844, [37189, 38441, 39857, 43415, 43575, 44146, 45728, 46187, 46987, 48308, 48965, 49644]]}}, {"type": "Feature", "geometry": {"type": "Polygon", "coordinates": [[[-72.6094007129999, -38.71768323799995], [-72.61151982399991, -38.715787151999905], [-72.61200491999995, -38.715984861999914], [-72.61243061999994, -38.71586546099991], [-72.61259260399993, -38.71597583499994], [-72.61275311599991, -38.71622897699996], [-72.61243606799991, -38.71675312699995], [-72.61301507899992, -38.71689258999993], [-72.61297217999993, -38.71716652099991], [-72.61329766599994, -38.71795113199994], [-72.61484113499995, -38.71917338599991], [-72.60544626299992, -38.72640522799992], [-72.6054529459999, -38.726251807999915], [-72.6050129699999, -38.72614437199991], [-72.60505187899992, -38.72606061499994], [-72.60640410499991, -38.72483441399993], [-72.60728611899992, -38.72336399299991], [-72.60873100499992, -38.72233318399992], [-72.60909695499993, -38.72152926199993], [-72.60900379899994, -38.72107992799994], [-72.60913589199993, -38.72059346899994], [-72.60870643099992, -38.72053603799992], [-72.60900749699994, -38.71997355099995], [-72.60895141499992, -38.71953881399992], [-72.60812241399992, -38.71798657599993], [-72.6094007129999, -38.71768323799995]]]}, "properties": {"zona": "910108003", "comuna": "Temuco", "H": [46130, 546, [35109, 35642, 38932, 41417, 41777, 41883, 42269, 42720, 43299, 44939, 45273, 46130]], "C": [111, 0, [111, 111, 111, 111, 111, 111, 111, 111, 111, 111, 111, 111]], "E": [2326, 0, [2326, 2326, 2326, 2326, 2326, 2326, 2326, 2326, 2326, 2326, 2326, 2326]], "S": [0, 0, [0, 0, 0, 0, 0, 0, 0, 0, 0, 0, 0, 0]], "O": [0, 0, [0, 0, 0, 0, 0, 0, 0, 0, 0, 0, 0, 0]], "I": [0, 0, [0, 0, 0, 0, 0, 0, 0, 0, 0, 0, 0, 0]], "T": [48567, 546, [37546, 38079, 41369, 43854, 44214, 44320, 44706, 45157, 45736, 47376, 47710, 48567]]}}, {"type": "Feature", "geometry": {"type": "Polygon", "coordinates": [[[-72.62380659399992, -38.721067955999956], [-72.6224902319999, -38.718329068999935], [-72.62541416899995, -38.71736421899993], [-72.6269135849999, -38.71703029699995], [-72.62952514199992, -38.71572524699991], [-72.6298231419999, -38.71631777099992], [-72.63047410099995, -38.71690102699995], [-72.63085940799994, -38.71742972699991], [-72.63115271099991, -38.71818802599995], [-72.63126997799992, -38.71920493099992], [-72.63181277099994, -38.71921177599995], [-72.63377945799994, -38.71992264499994], [-72.63626604899991, -38.71995562299992], [-72.63774350199992, -38.72037379999995], [-72.63832716899992, -38.72036220699994], [-72.63958959099995, -38.71999577899993], [-72.63920719499993, -38.72024574599993], [-72.63922596799995, -38.72061383199991], [-72.63857889099995, -38.720450281999945], [-72.6379175269999, -38.720440495999924], [-72.63774912699995, -38.720790493999914], [-72.63785183599992, -38.72096943899993], [-72.6378011939999, -38.72113600299991], [-72.63751192899991, -38.72130909599991], [-72.63692898799991, -38.721111795999946], [-72.63601769099995, -38.721375036999916], [-72.63578987699992, -38.72116146099995], [-72.63587740499992, -38.72098320999993], [-72.6357983339999, -38.72079185799993], [-72.63558299399995, -38.720696656999905], [-72.63505572199995, -38.72084314499995], [-72.63505429199995, -38.72132861999995], [-72.63411164099995, -38.72121625099993], [-72.63362123399992, -38.72130313699995], [-72.6330086449999, -38.7210531689999], [-72.6322154909999, -38.721151526999904], [-72.63170785299991, -38.721070563999945], [-72.63145421599995, -38.721353688999955], [-72.63113088499995, -38.72141993199995], [-72.6311706539999, -38.72169307699994], [-72.63069800199992, -38.72145821899994], [-72.62991702699992, -38.72185583399994], [-72.62986486599993, -38.72241736299992], [-72.62857936199993, -38.72288500299993], [-72.6288517779999, -38.72323925699993], [-72.62879176599995, -38.72351104499995], [-72.62733419699993, -38.72430074499994], [-72.62764238199992, -38.724962268999946], [-72.62840795299991, -38.7260101089999], [-72.62746698699993, -38.72636518999991], [-72.6255875889999, -38.72655399999991], [-72.62305219399991, -38.727104304999955], [-72.62259171199992, -38.72592670999995], [-72.62360938099994, -38.725717653999936], [-72.62316307099991, -38.724348053999904], [-72.6234772329999, -38.72428236299993], [-72.62319898599992, -38.72400189599995], [-72.62490918999993, -38.723761862999936], [-72.62437320099991, -38.72275535299991], [-72.62380659399992, -38.721067955999956]]]}, "properties": {"zona": "910119004", "comuna": "Temuco", "H": [104108, 966, [58971, 62952, 71828, 72991, 84541, 84665, 84890, 85209, 86435, 87537, 88926, 104108]], "C": [2798, 16, [2711, 2711, 2711, 2711, 2711, 2711, 2711, 2711, 2711, 2798, 2798, 2798]], "E": [1937, 305, [717, 717, 717, 717, 717, 717, 717, 717, 717, 717, 717, 1937]], "S": [0, 0, [0, 0, 0, 0, 0, 0, 0, 0, 0, 0, 0, 0]], "O": [315, 0, [315, 315, 315, 315, 315, 315, 315, 315, 315, 315, 315, 315]], "I": [1487, 37, [1317, 1317, 1317, 1317, 1317, 1317, 1317, 1317, 1317, 1317, 1487, 1487]], "T": [110645, 1324, [64031, 68012, 76888, 78051, 89601, 89725, 89950, 90269, 91495, 92684, 94243, 110645]]}}, {"type": "Feature", "geometry": {"type": "Polygon", "coordinates": [[[-72.61322196399993, -38.7166559339999], [-72.6151649489999, -38.716179637999915], [-72.61525983099995, -38.71626701099996], [-72.61563009999992, -38.71668818499995], [-72.61548289799993, -38.716982912999924], [-72.6155472609999, -38.71713306099991], [-72.61693930699994, -38.71826563099995], [-72.61781967899992, -38.72066434199991], [-72.61924799499991, -38.72030391699991], [-72.61932817599995, -38.720451401999924], [-72.61962099999994, -38.71973494899993], [-72.61974912099993, -38.71976059599996], [-72.61887679599994, -38.72176622599994], [-72.61866718999994, -38.72281882699991], [-72.61834215199991, -38.72354767499991], [-72.61749447499994, -38.724248846999956], [-72.61511674499991, -38.725105380999935], [-72.61460829799995, -38.725415331999955], [-72.61437195899993, -38.72497980999992], [-72.6146999039999, -38.723333157999946], [-72.61468870999994, -38.722855410999955], [-72.6153518189999, -38.72269288599995], [-72.61436324699991, -38.72027186999992], [-72.6138822449999, -38.7199512009999], [-72.61484113499995, -38.71917338599991], [-72.61329766599994, -38.71795113199994], [-72.61297217999993, -38.71716652099991], [-72.61301507899992, -38.71689258999993], [-72.61322196399993, -38.7166559339999]]]}, "properties": {"zona": "910108001", "comuna": "Temuco", "H": [62360, 721, [36598, 43480, 45467, 48274, 48553, 49428, 49478, 49727, 50822, 51710, 52475, 62360]], "C": [1693, 0, [1693, 1693, 1693, 1693, 1693, 1693, 1693, 1693, 1693, 1693, 1693, 1693]], "E": [1619, 0, [1619, 1619, 1619, 1619, 1619, 1619, 1619, 1619, 1619, 1619, 1619, 1619]], "S": [0, 0, [0, 0, 0, 0, 0, 0, 0, 0, 0, 0, 0, 0]], "O": [114, 0, [114, 114, 114, 114, 114, 114, 114, 114, 114, 114, 114, 114]], "I": [0, 0, [0, 0, 0, 0, 0, 0, 0, 0, 0, 0, 0, 0]], "T": [65786, 721, [40024, 46906, 48893, 51700, 51979, 52854, 52904, 53153, 54248, 55136, 55901, 65786]]}}, {"type": "Feature", "geometry": {"type": "Polygon", "coordinates": [[[-72.56420500699994, -38.71626424999994], [-72.56427064499991, -38.716072270999916], [-72.5675251099999, -38.71902304099996], [-72.56471157699991, -38.718713528999956], [-72.56321851999991, -38.72292412899992], [-72.56294198899991, -38.72304450199994], [-72.56260913699992, -38.723921178999944], [-72.56224580499992, -38.724943126999904], [-72.56248863999991, -38.725120761999904], [-72.56234858899995, -38.725236192999944], [-72.56117959999995, -38.72429175299993], [-72.56029714499994, -38.7233128659999], [-72.5565425179999, -38.71795898999994], [-72.55661988999992, -38.71761892399991], [-72.55690753199991, -38.71800488699995], [-72.56175888799993, -38.71841120599993], [-72.56240194299994, -38.71610868199991], [-72.5643102709999, -38.71637057999993], [-72.56420500699994, -38.71626424999994]]]}, "properties": {"zona": "910106003", "comuna": "Temuco", "H": [56624, 1054, [48453, 48904, 49795, 51069, 51126, 51126, 51126, 51417, 52608, 54334, 55120, 56624]], "C": [11084, 585, [5161, 5332, 5627, 5627, 5627, 5627, 5627, 11084, 11084, 11084, 11084, 11084]], "E": [11958, 0, [11958, 11958, 11958, 11958, 11958, 11958, 11958, 11958, 11958, 11958, 11958, 11958]], "S": [0, 0, [0, 0, 0, 0, 0, 0, 0, 0, 0, 0, 0, 0]], "O": [0, 0, [0, 0, 0, 0, 0, 0, 0, 0, 0, 0, 0, 0]], "I": [0, 0, [0, 0, 0, 0, 0, 0, 0, 0, 0, 0, 0, 0]], "T": [79666, 1639, [65572, 66194, 67380, 68654, 68711, 68711, 68711, 74459, 75650, 77376, 78162, 79666]]}}, {"type": "Feature", "geometry": {"type": "Polygon", "coordinates": [[[-72.55378146499993, -38.71942142699993], [-72.55324153399994, -38.71797638599992], [-72.55466504499992, -38.716531964999945], [-72.55530798399991, -38.716173890999926], [-72.56010645299995, -38.72304912599992], [-72.56098233299991, -38.72409849399992], [-72.55979795799993, -38.72717429599993], [-72.56049898399993, -38.72832869799993], [-72.55846634399995, -38.72881206399995], [-72.55593515099991, -38.72216830799994], [-72.55602780999993, -38.72143146099995], [-72.55584125899992, -38.72146359899995], [-72.55494298999992, -38.719149598999934], [-72.55378146499993, -38.71942142699993]]]}, "properties": {"zona": "910105005", "comuna": "Temuco", "H": [48871, 590, [40902, 41081, 42282, 43370, 43635, 43954, 44160, 44410, 45810, 47888, 48290, 48871]], "C": [1458, 39, [775, 775, 775, 1246, 1246, 1246, 1246, 1246, 1380, 1380, 1380, 1458]], "E": [3643, 252, [1116, 1116, 1697, 1697, 1697, 1697, 3010, 3010, 3010, 3010, 3010, 3643]], "S": [0, 0, [0, 0, 0, 0, 0, 0, 0, 0, 0, 0, 0, 0]], "O": [60, 0, [60, 60, 60, 60, 60, 60, 60, 60, 60, 60, 60, 60]], "I": [62759, 0, [62759, 62759, 62759, 62759, 62759, 62759, 62759, 62759, 62759, 62759, 62759, 62759]], "T": [116791, 881, [105612, 105791, 107573, 109132, 109397, 109716, 111235, 111485, 113019, 115097, 115499, 116791]]}}, {"type": "Feature", "geometry": {"type": "Polygon", "coordinates": [[[-72.6046437139999, -38.72838105499994], [-72.60418284299993, -38.72808888499992], [-72.60265828999991, -38.72647145299993], [-72.6025326269999, -38.72602620999993], [-72.60413380999995, -38.722058071999925], [-72.6057764649999, -38.71845271399991], [-72.60812241399992, -38.71798657599993], [-72.60895141499992, -38.71953881399992], [-72.60900749699994, -38.71997355099995], [-72.60870643099992, -38.72053603799992], [-72.60913589199993, -38.72059346899994], [-72.60900379899994, -38.72107992799994], [-72.60909695499993, -38.72152926199993], [-72.60873100499992, -38.72233318399992], [-72.60728611899992, -38.72336399299991], [-72.60640410499991, -38.72483441399993], [-72.6053124199999, -38.725745057999916], [-72.60488716799995, -38.72634000799991], [-72.60416778699994, -38.72695433799993], [-72.60409611799992, -38.72735624699993], [-72.60422810199992, -38.72762731699993], [-72.60444877799995, -38.72781007499992], [-72.60501262199995, -38.7279974729999], [-72.6046437139999, -38.72838105499994]]]}, "properties": {"zona": "910108005", "comuna": "Temuco", "H": [35023, 519, [24510, 24587, 29844, 32096, 32153, 32206, 32206, 32545, 33334, 33827, 34354, 35023]], "C": [0, 0, [0, 0, 0, 0, 0, 0, 0, 0, 0, 0, 0, 0]], "E": [571, 0, [571, 571, 571, 571, 571, 571, 571, 571, 571, 571, 571, 571]], "S": [0, 0, [0, 0, 0, 0, 0, 0, 0, 0, 0, 0, 0, 0]], "O": [0, 0, [0, 0, 0, 0, 0, 0, 0, 0, 0, 0, 0, 0]], "I": [0, 0, [0, 0, 0, 0, 0, 0, 0, 0, 0, 0, 0, 0]], "T": [35594, 519, [25081, 25158, 30415, 32667, 32724, 32777, 32777, 33116, 33905, 34398, 34925, 35594]]}}, {"type": "Feature", "geometry": {"type": "Polygon", "coordinates": [[[-72.61803557199994, -38.723874380999916], [-72.6185367349999, -38.723221063999915], [-72.61887679599994, -38.72176622599994], [-72.6200010149999, -38.71923800499991], [-72.62064768999994, -38.718760354999915], [-72.6224902319999, -38.718329068999935], [-72.62357855199991, -38.720509197999945], [-72.62437320099991, -38.72275535299991], [-72.62490918999993, -38.723761862999936], [-72.62319898599992, -38.72400189599995], [-72.6234772329999, -38.72428236299993], [-72.62316307099991, -38.724348053999904], [-72.62360938099994, -38.725717653999936], [-72.62259171199992, -38.72592670999995], [-72.62305219399991, -38.727104304999955], [-72.6223312699999, -38.72733499099991], [-72.62215064899993, -38.72717871899994], [-72.62097177599992, -38.72695285899994], [-72.61844016899994, -38.72548627999993], [-72.61742661699992, -38.724769083999945], [-72.61717282299992, -38.72444778499994], [-72.61803557199994, -38.723874380999916]]]}, "properties": {"zona": "910119005", "comuna": "Temuco", "H": [89539, 1449, [76409, 76848, 78924, 81068, 81460, 81529, 81738, 82504, 83651, 86896, 88430, 89539]], "C": [3616, 0, [3121, 3121, 3121, 3434, 3616, 3616, 3616, 3616, 3616, 3616, 3616, 3616]], "E": [5642, 175, [4420, 4420, 4420, 4420, 4420, 4420, 4420, 4420, 5642, 5642, 5642, 5642]], "S": [0, 0, [0, 0, 0, 0, 0, 0, 0, 0, 0, 0, 0, 0]], "O": [0, 0, [0, 0, 0, 0, 0, 0, 0, 0, 0, 0, 0, 0]], "I": [0, 0, [0, 0, 0, 0, 0, 0, 0, 0, 0, 0, 0, 0]], "T": [98797, 1624, [83950, 84389, 86465, 88922, 89496, 89565, 89774, 90540, 92909, 96154, 97688, 98797]]}}, {"type": "Feature", "geometry": {"type": "Polygon", "coordinates": [[[-72.56321851999991, -38.72292412899992], [-72.56471157699991, -38.718713528999956], [-72.5675251099999, -38.71902304099996], [-72.56937943999992, -38.72073441799995], [-72.56912831699992, -38.72068360399993], [-72.5666551349999, -38.72760711799992], [-72.56774029499991, -38.72823723499994], [-72.56774839499991, -38.72846894799994], [-72.56234858899995, -38.725236192999944], [-72.56248863999991, -38.725120761999904], [-72.56224580499992, -38.724943126999904], [-72.56260913699992, -38.723921178999944], [-72.56294198899991, -38.72304450199994], [-72.56321851999991, -38.72292412899992]]]}, "properties": {"zona": "910106006", "comuna": "Temuco", "H": [70198, 655, [64298, 64423, 65702, 66138, 66407, 66521, 66794, 67322, 67598, 68860, 69553, 70198]], "C": [7838, 51, [7555, 7555, 7555, 7555, 7555, 7555, 7555, 7555, 7555, 7838, 7838, 7838]], "E": [2330, 0, [2330, 2330, 2330, 2330, 2330, 2330, 2330, 2330, 2330, 2330, 2330, 2330]], "S": [636, 114, [0, 0, 0, 0, 0, 0, 0, 0, 0, 636, 636, 636]], "O": [385, 0, [385, 385, 385, 385, 385, 385, 385, 385, 385, 385, 385, 385]], "I": [6281, 0, [6281, 6281, 6281, 6281, 6281, 6281, 6281, 6281, 6281, 6281, 6281, 6281]], "T": [87668, 820, [80849, 80974, 82253, 82689, 82958, 83072, 83345, 83873, 84149, 86330, 87023, 87668]]}}, {"type": "Feature", "geometry": {"type": "Polygon", "coordinates": [[[-72.60545749399995, -38.726397085999906], [-72.6138822449999, -38.7199512009999], [-72.61436324699991, -38.72027186999992], [-72.6153518189999, -38.72269288599995], [-72.61468870999994, -38.722855410999955], [-72.6146999039999, -38.723333157999946], [-72.61437195899993, -38.72497980999992], [-72.61460829799995, -38.725415331999955], [-72.61117944699993, -38.728095277999955], [-72.61092867399992, -38.72849680199994], [-72.61038012599994, -38.72788673899993], [-72.61012763899993, -38.72779937999991], [-72.60785832999994, -38.72835505199993], [-72.60689701599995, -38.72836373599995], [-72.60647455399993, -38.728032355999915], [-72.60610305999995, -38.72810720399991], [-72.6056500279999, -38.72841582199993], [-72.60519540399991, -38.728561922999916], [-72.60479702599991, -38.728460121999944], [-72.60464633299995, -38.72838249299991], [-72.60501262199995, -38.7279974729999], [-72.60444877799995, -38.72781007499992], [-72.60422810199992, -38.72762731699993], [-72.60409611799992, -38.72735624699993], [-72.6041211349999, -38.72706623199991], [-72.6050129699999, -38.72614437199991], [-72.6054529459999, -38.726251807999915], [-72.60545749399995, -38.726397085999906]]]}, "properties": {"zona": "910108002", "comuna": "Temuco", "H": [65086, 1253, [53833, 54251, 55693, 56747, 57359, 58008, 58467, 59274, 60899, 62717, 63790, 65086]], "C": [2004, 0, [2004, 2004, 2004, 2004, 2004, 2004, 2004, 2004, 2004, 2004, 2004, 2004]], "E": [5222, 216, [4215, 4215, 4215, 4215, 4215, 4215, 4215, 4215, 4215, 4215, 5222, 5222]], "S": [1157, 0, [1157, 1157, 1157, 1157, 1157, 1157, 1157, 1157, 1157, 1157, 1157, 1157]], "O": [1373, 0, [1373, 1373, 1373, 1373, 1373, 1373, 1373, 1373, 1373, 1373, 1373, 1373]], "I": [206, 0, [206, 206, 206, 206, 206, 206, 206, 206, 206, 206, 206, 206]], "T": [75048, 1469, [62788, 63206, 64648, 65702, 66314, 66963, 67422, 68229, 69854, 71672, 73752, 75048]]}}, {"type": "Feature", "geometry": {"type": "Polygon", "coordinates": [[[-72.55117758499995, -38.71940063499994], [-72.5535793009999, -38.71887076099995], [-72.55378146499993, -38.71942142699993], [-72.55494298999992, -38.719149598999934], [-72.55584125899992, -38.72146359899995], [-72.55602780999993, -38.72143146099995], [-72.55593515099991, -38.72216830799994], [-72.55846634399995, -38.72881206399995], [-72.55733758799994, -38.72906778099991], [-72.55767375099992, -38.729984585999944], [-72.5573221759999, -38.730070370999954], [-72.55701466699992, -38.72920111199994], [-72.55645417099993, -38.72984266499992], [-72.55632389499993, -38.72986735399991], [-72.55579888099993, -38.73040416199996], [-72.55605726999994, -38.73087029099992], [-72.55575105999992, -38.73147857799995], [-72.55419361299994, -38.730609632999915], [-72.55435622999994, -38.72979228899993], [-72.5545301539999, -38.72956268199994], [-72.55458549999992, -38.72838122699994], [-72.55426689399991, -38.72665961699994], [-72.55397238599994, -38.726017432999924], [-72.55335311699992, -38.72527023899994], [-72.55315493699993, -38.7247797199999], [-72.55336685899994, -38.72451758999995], [-72.5533659859999, -38.72423272599991], [-72.55251560499994, -38.72110656299992], [-72.55191867999991, -38.72003212599992], [-72.55117758499995, -38.71940063499994]]]}, "properties": {"zona": "910105004", "comuna": "Temuco", "H": [64761, 999, [50242, 50763, 54492, 56638, 57237, 57337, 57464, 57871, 59649, 62596, 63454, 64761]], "C": [942, 14, [618, 618, 618, 618, 736, 842, 842, 942, 942, 942, 942, 942]], "E": [0, 0, [0, 0, 0, 0, 0, 0, 0, 0, 0, 0, 0, 0]], "S": [0, 0, [0, 0, 0, 0, 0, 0, 0, 0, 0, 0, 0, 0]], "O": [0, 0, [0, 0, 0, 0, 0, 0, 0, 0, 0, 0, 0, 0]], "I": [0, 0, [0, 0, 0, 0, 0, 0, 0, 0, 0, 0, 0, 0]], "T": [65703, 1013, [50860, 51381, 55110, 57256, 57973, 58179, 58306, 58813, 60591, 63538, 64396, 65703]]}}, {"type": "Feature", "geometry": {"type": "Polygon", "coordinates": [[[-72.5666551349999, -38.72760711799992], [-72.56912831699992, -38.72068360399993], [-72.56937943999992, -38.72073441799995], [-72.5729542229999, -38.72404060699995], [-72.5727904609999, -38.724010354999905], [-72.57397344499992, -38.7253049599999], [-72.57194517199991, -38.73096832199991], [-72.56774839499991, -38.72846894799994], [-72.56774029499991, -38.72823723499994], [-72.5666551349999, -38.72760711799992]]]}, "properties": {"zona": "910106002", "comuna": "Temuco", "H": [87236, 508, [61990, 62102, 62288, 62288, 62616, 62616, 62616, 62705, 63265, 64399, 86808, 87236]], "C": [15852, 317, [8007, 10728, 10728, 10728, 10993, 11744, 11805, 14723, 14901, 14901, 15210, 15852]], "E": [5872, 0, [5872, 5872, 5872, 5872, 5872, 5872, 5872, 5872, 5872, 5872, 5872, 5872]], "S": [0, 0, [0, 0, 0, 0, 0, 0, 0, 0, 0, 0, 0, 0]], "O": [973, 0, [814, 814, 814, 973, 973, 973, 973, 973, 973, 973, 973, 973]], "I": [5256, 0, [5256, 5256, 5256, 5256, 5256, 5256, 5256, 5256, 5256, 5256, 5256, 5256]], "T": [115189, 825, [81939, 84772, 84958, 85117, 85710, 86461, 86522, 89529, 90267, 91401, 114119, 115189]]}}, {"type": "Feature", "geometry": {"type": "Polygon", "coordinates": [[[-72.58269661399993, -38.73010466599993], [-72.57552554799992, -38.72626255499995], [-72.5743113659999, -38.725285293999946], [-72.57450196199994, -38.72521527199996], [-72.57614874599994, -38.7211094619999], [-72.57846295099995, -38.72155309099992], [-72.57833743299994, -38.72197850099991], [-72.57921206999993, -38.722222020999936], [-72.57862428399994, -38.724111568999945], [-72.57895565099994, -38.72544239599995], [-72.57915674799995, -38.72584970399993], [-72.5790984599999, -38.726318173999914], [-72.57917722199994, -38.72650115399995], [-72.5799056109999, -38.7267435789999], [-72.58279751299995, -38.726764472999946], [-72.58297431799991, -38.72742759099992], [-72.58385125399991, -38.727813289999915], [-72.58502442499992, -38.72851571099994], [-72.58732515999992, -38.72879939799992], [-72.58802191199993, -38.72916780499992], [-72.58895164899991, -38.72920914699995], [-72.58935994199993, -38.729108896999946], [-72.59136052399992, -38.730450366999946], [-72.59229184499992, -38.73074256499996], [-72.5927934369999, -38.73070859399991], [-72.59273840399993, -38.73084765599992], [-72.59315788399994, -38.73237899299994], [-72.58376739999994, -38.73384259399995], [-72.58269661399993, -38.73010466599993]]]}, "properties": {"zona": "910107001", "comuna": "Temuco", "H": [55749, 136, [52987, 53363, 54201, 54421, 54517, 55001, 55001, 55151, 55231, 55446, 55749, 55749]], "C": [44117, 425, [30755, 33000, 33137, 38315, 39055, 41018, 41835, 41835, 43564, 43957, 44117, 44117]], "E": [45216, 3438, [18620, 18620, 18620, 18620, 19337, 19337, 19337, 26580, 45216, 45216, 45216, 45216]], "S": [0, 0, [0, 0, 0, 0, 0, 0, 0, 0, 0, 0, 0, 0]], "O": [36142, 208, [27059, 27059, 27059, 27059, 28779, 35031, 35031, 35031, 35329, 35962, 35962, 36142]], "I": [4243, 0, [4243, 4243, 4243, 4243, 4243, 4243, 4243, 4243, 4243, 4243, 4243, 4243]], "T": [185467, 4207, [133664, 136285, 137260, 142658, 145931, 154630, 155447, 162840, 183583, 184824, 185287, 185467]]}}, {"type": "Feature", "geometry": {"type": "Polygon", "coordinates": [[[-72.61117944699993, -38.728095277999955], [-72.61446894599993, -38.725500008999916], [-72.61511674499991, -38.725105380999935], [-72.6171676219999, -38.72438227299995], [-72.61742661699992, -38.724769083999945], [-72.61787788999993, -38.72510816999994], [-72.62017263199994, -38.726569570999914], [-72.62097177599992, -38.72695285899994], [-72.62215064899993, -38.72717871899994], [-72.6223312699999, -38.72733499099991], [-72.62339937299993, -38.72700232299991], [-72.62618627899991, -38.7264740409999], [-72.62686580299993, -38.728681938999955], [-72.62659188099991, -38.729957820999914], [-72.62549976499992, -38.729832496999904], [-72.62542335299992, -38.72999841799992], [-72.62310992599993, -38.72926088699995], [-72.61840292499994, -38.72870115299992], [-72.61408359899991, -38.72827371999995], [-72.6128647299999, -38.728466048999906], [-72.61225017999993, -38.72875543899994], [-72.61170949099994, -38.728857787999914], [-72.6113145459999, -38.72876306499995], [-72.61092867399992, -38.72849680199994], [-72.61117944699993, -38.728095277999955]]]}, "properties": {"zona": "910119002", "comuna": "Temuco", "H": [68471, 453, [60970, 60970, 61418, 61805, 62055, 62110, 62110, 62515, 62711, 67210, 67670, 68471]], "C": [3446, 102, [2711, 2711, 2711, 2711, 2959, 2959, 2959, 2959, 2959, 3161, 3306, 3446]], "E": [6974, 0, [6367, 6367, 6367, 6367, 6974, 6974, 6974, 6974, 6974, 6974, 6974, 6974]], "S": [0, 0, [0, 0, 0, 0, 0, 0, 0, 0, 0, 0, 0, 0]], "O": [556, 0, [556, 556, 556, 556, 556, 556, 556, 556, 556, 556, 556, 556]], "I": [381, 0, [381, 381, 381, 381, 381, 381, 381, 381, 381, 381, 381, 381]], "T": [79828, 555, [70985, 70985, 71433, 71820, 72925, 72980, 72980, 73385, 73581, 78282, 78887, 79828]]}}, {"type": "Feature", "geometry": {"type": "Polygon", "coordinates": [[[-72.59849819599992, -38.726189760999944], [-72.60129860399991, -38.72439984499994], [-72.60328711199992, -38.72425549399992], [-72.6025326269999, -38.72602620999993], [-72.60254048399992, -38.726281085999915], [-72.60448222799994, -38.72830110599995], [-72.6051470029999, -38.72857055499992], [-72.6056500279999, -38.72841582199993], [-72.60610305999995, -38.72810720399991], [-72.60647455399993, -38.728032355999915], [-72.60689701599995, -38.72836373599995], [-72.60782371499994, -38.728358262999905], [-72.61016440999992, -38.72780047999993], [-72.61038012599994, -38.72788673899993], [-72.61092867399992, -38.72849680199994], [-72.61037864199994, -38.72887415999992], [-72.60931580599993, -38.729002049999906], [-72.60610475099992, -38.73016557299991], [-72.60198960499991, -38.732821876999935], [-72.60040957299992, -38.733698412999956], [-72.59849819599992, -38.726189760999944]]]}, "properties": {"zona": "910108004", "comuna": "Temuco", "H": [38024, 245, [34735, 34857, 35402, 35972, 36303, 36303, 36424, 36483, 36891, 37445, 37903, 38024]], "C": [8016, 340, [5559, 5559, 6009, 6009, 6009, 6141, 6141, 6141, 6141, 8016, 8016, 8016]], "E": [4621, 404, [855, 855, 855, 855, 855, 855, 855, 4621, 4621, 4621, 4621, 4621]], "S": [0, 0, [0, 0, 0, 0, 0, 0, 0, 0, 0, 0, 0, 0]], "O": [1324, 0, [1113, 1113, 1113, 1324, 1324, 1324, 1324, 1324, 1324, 1324, 1324, 1324]], "I": [2291, 0, [2291, 2291, 2291, 2291, 2291, 2291, 2291, 2291, 2291, 2291, 2291, 2291]], "T": [54276, 989, [44553, 44675, 45670, 46451, 46782, 46914, 47035, 50860, 51268, 53697, 54155, 54276]]}}, {"type": "Feature", "geometry": {"type": "Polygon", "coordinates": [[[-72.56049898399993, -38.72832869799993], [-72.55979795799993, -38.72717429599993], [-72.56098233299991, -38.72409849399992], [-72.5625327859999, -38.72536379699994], [-72.56774839499991, -38.72846894799994], [-72.56758286399992, -38.72889414799994], [-72.56644231199994, -38.72835226199993], [-72.56616873299993, -38.72906285999994], [-72.56582222299994, -38.729316930999914], [-72.56563407099992, -38.729855193999924], [-72.56449294599992, -38.72963504899991], [-72.56353567899993, -38.73221197399994], [-72.5604165339999, -38.73147920899993], [-72.55987622799995, -38.731530456999906], [-72.55880674799994, -38.728730338999924], [-72.56049898399993, -38.72832869799993]]]}, "properties": {"zona": "910105003", "comuna": "Temuco", "H": [54228, 611, [48166, 48587, 49894, 50594, 50718, 50779, 50779, 51274, 52182, 53146, 53620, 54228]], "C": [1850, 29, [1363, 1363, 1579, 1579, 1579, 1579, 1579, 1850, 1850, 1850, 1850, 1850]], "E": [4272, 0, [4272, 4272, 4272, 4272, 4272, 4272, 4272, 4272, 4272, 4272, 4272, 4272]], "S": [0, 0, [0, 0, 0, 0, 0, 0, 0, 0, 0, 0, 0, 0]], "O": [282, 0, [282, 282, 282, 282, 282, 282, 282, 282, 282, 282, 282, 282]], "I": [0, 0, [0, 0, 0, 0, 0, 0, 0, 0, 0, 0, 0, 0]], "T": [60632, 640, [54083, 54504, 56027, 56727, 56851, 56912, 56912, 57678, 58586, 59550, 60024, 60632]]}}, {"type": "Feature", "geometry": {"type": "Polygon", "coordinates": [[[-72.62618627899991, -38.7264740409999], [-72.62777182699995, -38.72628032999995], [-72.62840795299991, -38.7260101089999], [-72.62976995299994, -38.72642042699994], [-72.6304889619999, -38.72629130799993], [-72.63276682499992, -38.72642407699993], [-72.63364200299992, -38.726849802999936], [-72.63432602499995, -38.72666892399991], [-72.6344331059999, -38.72642320099993], [-72.63467144599991, -38.72630945299994], [-72.63520572399995, -38.726417418999915], [-72.63553374299994, -38.726676169999905], [-72.63620440199992, -38.72694762599991], [-72.63619045899992, -38.72712729299991], [-72.63573937899992, -38.727314262999926], [-72.63565661899992, -38.727452409999955], [-72.63638376699993, -38.728047000999936], [-72.6367927309999, -38.7279991499999], [-72.63716908399994, -38.727329994999934], [-72.63764510499993, -38.727258459999916], [-72.63824939499995, -38.727437721999934], [-72.63905934899992, -38.7280994539999], [-72.64218035399995, -38.73170611099994], [-72.64136589599991, -38.73212636599993], [-72.63960103799991, -38.732587622999915], [-72.63598954199995, -38.733379579999905], [-72.6334480349999, -38.73370655399992], [-72.62826307499995, -38.734985442999914], [-72.62653658199991, -38.73030937499993], [-72.6253679159999, -38.7301187889999], [-72.62549976499992, -38.729832496999904], [-72.62659188099991, -38.729957820999914], [-72.62686153399994, -38.728627021999955], [-72.62618627899991, -38.7264740409999]]]}, "properties": {"zona": "910109001", "comuna": "Temuco", "H": [242909, 2028, [209277, 211902, 217564, 218385, 224555, 224555, 232154, 232154, 237565, 239925, 241520, 242909]], "C": [1492, 189, [98, 98, 236, 377, 377, 377, 377, 677, 677, 1329, 1329, 1492]], "E": [385, 0, [385, 385, 385, 385, 385, 385, 385, 385, 385, 385, 385, 385]], "S": [9576, 1368, [0, 0, 0, 0, 0, 0, 0, 0, 9576, 9576, 9576, 9576]], "O": [349, 0, [349, 349, 349, 349, 349, 349, 349, 349, 349, 349, 349, 349]], "I": [0, 0, [0, 0, 0, 0, 0, 0, 0, 0, 0, 0, 0, 0]], "T": [254711, 3585, [210109, 212734, 218534, 219496, 225666, 225666, 233265, 233565, 248552, 251564, 253159, 254711]]}}, {"type": "Feature", "geometry": {"type": "Polygon", "coordinates": [[[-72.5740520459999, -38.7253854139999], [-72.5743113659999, -38.725285293999946], [-72.57552554799992, -38.72626255499995], [-72.58269661399993, -38.73010466599993], [-72.58376739999994, -38.73384259399995], [-72.57782043599991, -38.73475153299995], [-72.57705846199991, -38.73528655799993], [-72.57288350599993, -38.73166659899994], [-72.57194517199991, -38.73096832199991], [-72.57397344499992, -38.7253049599999], [-72.5740520459999, -38.7253854139999]]]}, "properties": {"zona": "910106001", "comuna": "Temuco", "H": [123881, 92, [121342, 121942, 122087, 122487, 122657, 122851, 122851, 122851, 122905, 123033, 123743, 123881]], "C": [74468, 180, [51015, 70001, 73193, 73506, 73626, 73626, 73626, 73626, 73626, 73626, 74468, 74468]], "E": [10494, 1056, [4732, 4732, 4732, 5565, 5565, 5565, 5565, 5565, 5565, 5565, 10494, 10494]], "S": [0, 0, [0, 0, 0, 0, 0, 0, 0, 0, 0, 0, 0, 0]], "O": [3756, 0, [1412, 1623, 3756, 3756, 3756, 3756, 3756, 3756, 3756, 3756, 3756, 3756]], "I": [19137, 0, [19137, 19137, 19137, 19137, 19137, 19137, 19137, 19137, 19137, 19137, 19137, 19137]], "T": [231736, 1328, [197638, 217435, 222905, 224451, 224741, 224935, 224935, 224935, 224989, 225117, 231598, 231736]]}}, {"type": "Feature", "geometry": {"type": "Polygon", "coordinates": [[[-72.61013475699991, -38.735369491999904], [-72.60678818499991, -38.72987577799995], [-72.60931580599993, -38.729002049999906], [-72.61044254299992, -38.72884897999995], [-72.61209765799993, -38.73149267899993], [-72.61425891199991, -38.73066735799995], [-72.61577481499995, -38.73026581699992], [-72.61713765499991, -38.732903294999915], [-72.61013475699991, -38.735369491999904]]]}, "properties": {"zona": "910109005", "comuna": "Temuco", "H": [97666, 1174, [82085, 82085, 82085, 82085, 89026, 89026, 92060, 92060, 93275, 97666, 97666, 97666]], "C": [211139, 12753, [13671, 14088, 14647, 14647, 16131, 16370, 16370, 16675, 16905, 16905, 61194, 211139]], "E": [259, 18, [0, 0, 0, 0, 0, 0, 259, 259, 259, 259, 259, 259]], "S": [6138, 65, [5836, 5836, 5836, 5836, 5836, 5836, 5836, 5836, 5836, 5836, 6138, 6138]], "O": [11959, 213, [10603, 10603, 10603, 10603, 10603, 10603, 10958, 10958, 11329, 11329, 11959, 11959]], "I": [437, 0, [437, 437, 437, 437, 437, 437, 437, 437, 437, 437, 437, 437]], "T": [327598, 14223, [112632, 113049, 113608, 113608, 122033, 122272, 125920, 126225, 128041, 132432, 177653, 327598]]}}, {"type": "Feature", "geometry": {"type": "Polygon", "coordinates": [[[-72.5661031759999, -38.729151593999916], [-72.56646360399992, -38.72833919199991], [-72.56758286399992, -38.72889414799994], [-72.56774839499991, -38.72846894799994], [-72.57182131799993, -38.73088597799995], [-72.57285194699995, -38.73164012899991], [-72.57196295099993, -38.732165719999955], [-72.57123972099993, -38.73401125099991], [-72.57162531599994, -38.73411497299992], [-72.5712408839999, -38.735101484999916], [-72.56322912299993, -38.73327232299994], [-72.56449294599992, -38.72963504899991], [-72.56563407099992, -38.729855193999924], [-72.56582222299994, -38.729316930999914], [-72.5661031759999, -38.729151593999916]]]}, "properties": {"zona": "910105001", "comuna": "Temuco", "H": [68767, 275, [56247, 64434, 64851, 65243, 65951, 66107, 66181, 66454, 66851, 67427, 68701, 68767]], "C": [3757, 6, [3299, 3602, 3602, 3602, 3602, 3757, 3757, 3757, 3757, 3757, 3757, 3757]], "E": [9314, 495, [6212, 6212, 6212, 6212, 6212, 6212, 6212, 8175, 8175, 8175, 8175, 9314]], "S": [0, 0, [0, 0, 0, 0, 0, 0, 0, 0, 0, 0, 0, 0]], "O": [168, 0, [168, 168, 168, 168, 168, 168, 168, 168, 168, 168, 168, 168]], "I": [231, 0, [231, 231, 231, 231, 231, 231, 231, 231, 231, 231, 231, 231]], "T": [82237, 776, [66157, 74647, 75064, 75456, 76164, 76475, 76549, 78785, 79182, 79758, 81032, 82237]]}}, {"type": "Feature", "geometry": {"type": "Polygon", "coordinates": [[[-72.62345343299995, -38.73610711099991], [-72.62141032599993, -38.73137585599994], [-72.62495981799992, -38.730133019999926], [-72.62500189499991, -38.730034763999925], [-72.62653658199991, -38.73030937499993], [-72.62826307499995, -38.734985442999914], [-72.62345343299995, -38.73610711099991]]]}, "properties": {"zona": "910109002", "comuna": "Temuco", "H": [52281, 304, [49121, 49121, 49738, 50120, 50251, 50251, 50251, 50436, 50627, 51179, 51907, 52281]], "C": [3305, 61, [1985, 1985, 2497, 3041, 3041, 3041, 3041, 3041, 3041, 3041, 3194, 3305]], "E": [7119, 0, [7119, 7119, 7119, 7119, 7119, 7119, 7119, 7119, 7119, 7119, 7119, 7119]], "S": [125, 0, [0, 0, 0, 125, 125, 125, 125, 125, 125, 125, 125, 125]], "O": [1303, 0, [1067, 1067, 1067, 1067, 1303, 1303, 1303, 1303, 1303, 1303, 1303, 1303]], "I": [0, 0, [0, 0, 0, 0, 0, 0, 0, 0, 0, 0, 0, 0]], "T": [64133, 365, [59292, 59292, 60421, 61472, 61839, 61839, 61839, 62024, 62215, 62767, 63648, 64133]]}}, {"type": "Feature", "geometry": {"type": "Polygon", "coordinates": [[[-72.55767375099992, -38.729984585999944], [-72.55733758799994, -38.72906778099991], [-72.55880674799994, -38.728730338999924], [-72.55987622799995, -38.731530456999906], [-72.5604165339999, -38.73147920899993], [-72.56361345099992, -38.73223066899993], [-72.56194977299992, -38.73668943699994], [-72.55944909699991, -38.73512381099994], [-72.55542778099993, -38.73397958999993], [-72.55501615999992, -38.73321633599994], [-72.55462510599995, -38.7327574009999], [-72.55454583999995, -38.732209017999935], [-72.55465992699993, -38.731906985999956], [-72.5544850089999, -38.7317287539999], [-72.55468861899993, -38.73130346499994], [-72.55469382599995, -38.73094187299995], [-72.55519702899994, -38.73111615799991], [-72.55575105999992, -38.73147857799995], [-72.55605726999994, -38.73087029099992], [-72.55579888099993, -38.73040416199996], [-72.55701466699992, -38.72920111199994], [-72.5573221759999, -38.730070370999954], [-72.55767375099992, -38.729984585999944]]]}, "properties": {"zona": "910105006", "comuna": "Temuco", "H": [40004, 320, [23997, 24292, 30906, 34845, 35326, 38170, 38354, 38482, 39127, 39360, 39725, 40004]], "C": [602, 9, [478, 478, 478, 478, 478, 478, 602, 602, 602, 602, 602, 602]], "E": [50, 0, [50, 50, 50, 50, 50, 50, 50, 50, 50, 50, 50, 50]], "S": [0, 0, [0, 0, 0, 0, 0, 0, 0, 0, 0, 0, 0, 0]], "O": [0, 0, [0, 0, 0, 0, 0, 0, 0, 0, 0, 0, 0, 0]], "I": [184, 0, [184, 184, 184, 184, 184, 184, 184, 184, 184, 184, 184, 184]], "T": [40840, 329, [24709, 25004, 31618, 35557, 36038, 38882, 39190, 39318, 39963, 40196, 40561, 40840]]}}, {"type": "Feature", "geometry": {"type": "Polygon", "coordinates": [[[-72.6012049869999, -38.736951517999955], [-72.60040957299992, -38.733698412999956], [-72.60198960499991, -38.732821876999935], [-72.60610475099992, -38.73016557299991], [-72.60678818499991, -38.72987577799995], [-72.61013475699991, -38.735369491999904], [-72.60583594999991, -38.736159108999914], [-72.60699885199995, -38.738862196999946], [-72.60557611199994, -38.739179934999925], [-72.60605440799992, -38.74032097399993], [-72.60488736699995, -38.740491671999905], [-72.60328242699995, -38.736614422999935], [-72.6012049869999, -38.736951517999955]]]}, "properties": {"zona": "910102001", "comuna": "Temuco", "H": [181417, 2767, [125791, 130705, 146506, 151608, 151843, 164725, 166328, 169944, 176395, 176545, 176545, 181417]], "C": [18197, 424, [11166, 13141, 13571, 14435, 14435, 14966, 15977, 17078, 17313, 17862, 17862, 18197]], "E": [55319, 513, [38962, 44935, 44935, 44935, 44935, 48450, 48450, 48450, 49454, 49454, 54781, 55319]], "S": [576, 60, [241, 241, 241, 241, 241, 241, 241, 241, 241, 576, 576, 576]], "O": [14916, 367, [9404, 10491, 10972, 11173, 11173, 11173, 13377, 14602, 14602, 14602, 14602, 14916]], "I": [464, 0, [464, 464, 464, 464, 464, 464, 464, 464, 464, 464, 464, 464]], "T": [270889, 4131, [186028, 199977, 216689, 222856, 223091, 240019, 244837, 250779, 258469, 259503, 264830, 270889]]}}, {"type": "Feature", "geometry": {"type": "Polygon", "coordinates": [[[-72.61420192599991, -38.73788775599991], [-72.61030064399995, -38.735588056999916], [-72.61013475699991, -38.735369491999904], [-72.62141032599993, -38.73137585599994], [-72.62346352299994, -38.73612975499992], [-72.61947118499995, -38.737194048999925], [-72.61919053199995, -38.73714402499991], [-72.61858491499993, -38.737323671999945], [-72.61741927499992, -38.73796406899993], [-72.6178268079999, -38.73850232099994], [-72.61508976499994, -38.738928521999924], [-72.61496295699993, -38.73854751199991], [-72.61420192599991, -38.73788775599991]]]}, "properties": {"zona": "910109003", "comuna": "Temuco", "H": [147558, 1028, [121342, 121507, 121868, 121868, 128122, 128483, 128720, 141705, 146807, 146997, 147412, 147558]], "C": [20713, 1116, [9601, 12599, 13571, 14370, 14861, 14861, 15461, 16466, 16466, 17252, 18363, 20713]], "E": [52760, 1043, [8428, 15136, 15136, 15136, 15136, 15136, 22382, 22732, 24320, 24320, 24320, 52760]], "S": [597, 0, [0, 182, 597, 597, 597, 597, 597, 597, 597, 597, 597, 597]], "O": [13265, 207, [5165, 6101, 8638, 9121, 9121, 12598, 12598, 12956, 13265, 13265, 13265, 13265]], "I": [0, 0, [0, 0, 0, 0, 0, 0, 0, 0, 0, 0, 0, 0]], "T": [234893, 3394, [144536, 155525, 159810, 161092, 167837, 171675, 179758, 194456, 201455, 202431, 203957, 234893]]}}, {"type": "Feature", "geometry": {"type": "Polygon", "coordinates": [[[-72.56934868899992, -38.73960961699993], [-72.56985247999995, -38.739154140999915], [-72.57017161099992, -38.73765160599993], [-72.57162531599994, -38.73411497299992], [-72.57123972099993, -38.73401125099991], [-72.57196295099993, -38.732165719999955], [-72.57285194699995, -38.73164012899991], [-72.58066458299993, -38.73846118599994], [-72.57982677099994, -38.738933205999956], [-72.57261731699992, -38.740077657999905], [-72.57239436099991, -38.74106779999994], [-72.57176731699991, -38.74162286599994], [-72.56818869999995, -38.739294929999915], [-72.56846022299993, -38.739058137999905], [-72.56934868899992, -38.73960961699993]]]}, "properties": {"zona": "910104003", "comuna": "Temuco", "H": [82420, 735, [73625, 74324, 75590, 76216, 76751, 77071, 77525, 77951, 79441, 81145, 81625, 82420]], "C": [5870, 33, [5264, 5264, 5264, 5427, 5427, 5624, 5624, 5870, 5870, 5870, 5870, 5870]], "E": [5364, 220, [523, 1775, 4484, 4484, 4484, 4484, 4484, 4484, 4484, 4484, 4484, 5364]], "S": [2312, 0, [2312, 2312, 2312, 2312, 2312, 2312, 2312, 2312, 2312, 2312, 2312, 2312]], "O": [443, 0, [443, 443, 443, 443, 443, 443, 443, 443, 443, 443, 443, 443]], "I": [893, 0, [893, 893, 893, 893, 893, 893, 893, 893, 893, 893, 893, 893]], "T": [97302, 988, [83060, 85011, 88986, 89775, 90310, 90827, 91281, 91953, 93443, 95147, 95627, 97302]]}}, {"type": "Feature", "geometry": {"type": "Polygon", "coordinates": [[[-72.56818869999995, -38.739294929999915], [-72.56388909899994, -38.73772134799992], [-72.56194977299992, -38.73668943699994], [-72.56322912299993, -38.73327232299994], [-72.5712408839999, -38.735101484999916], [-72.57017161099992, -38.73765160599993], [-72.56987201399994, -38.73908697199994], [-72.56967676399995, -38.73935321099992], [-72.56933751699995, -38.73961228499991], [-72.5685494139999, -38.73908477899994], [-72.56818869999995, -38.739294929999915]]]}, "properties": {"zona": "910105002", "comuna": "Temuco", "H": [53262, 398, [48221, 48390, 49229, 49977, 50167, 50229, 50229, 50439, 51241, 51992, 53106, 53262]], "C": [2257, 74, [1961, 1961, 1961, 1961, 1961, 1961, 1961, 1961, 1961, 1961, 1961, 2257]], "E": [4794, 149, [2666, 2666, 2666, 2666, 4100, 4100, 4100, 4100, 4100, 4100, 4794, 4794]], "S": [0, 0, [0, 0, 0, 0, 0, 0, 0, 0, 0, 0, 0, 0]], "O": [633, 42, [340, 340, 340, 340, 340, 340, 340, 340, 633, 633, 633, 633]], "I": [250, 0, [250, 250, 250, 250, 250, 250, 250, 250, 250, 250, 250, 250]], "T": [61196, 663, [53438, 53607, 54446, 55194, 56818, 56880, 56880, 57090, 58185, 58936, 60744, 61196]]}}, {"type": "Feature", "geometry": {"type": "Polygon", "coordinates": [[[-72.62078318899995, -38.74063696299993], [-72.61948748099991, -38.7371193269999], [-72.6283552669999, -38.734964249999905], [-72.62968736399995, -38.73848220199994], [-72.62078318899995, -38.74063696299993]]]}, "properties": {"zona": "910118002", "comuna": "Temuco", "H": [77086, 708, [71492, 71492, 72101, 72574, 73175, 73175, 73175, 73255, 74586, 75877, 76530, 77086]], "C": [5423, 286, [3194, 3517, 3632, 3890, 3890, 3890, 3890, 4277, 4437, 4681, 4881, 5423]], "E": [2919, 0, [2919, 2919, 2919, 2919, 2919, 2919, 2919, 2919, 2919, 2919, 2919, 2919]], "S": [2035, 0, [2035, 2035, 2035, 2035, 2035, 2035, 2035, 2035, 2035, 2035, 2035, 2035]], "O": [668, 36, [524, 524, 524, 524, 524, 524, 524, 524, 524, 524, 524, 668]], "I": [0, 0, [0, 0, 0, 0, 0, 0, 0, 0, 0, 0, 0, 0]], "T": [88131, 1030, [80164, 80487, 81211, 81942, 82543, 82543, 82543, 83010, 84501, 86036, 86889, 88131]]}}, {"type": "Feature", "geometry": {"type": "Polygon", "coordinates": [[[-72.58700203899991, -38.743432811999924], [-72.5858888489999, -38.742376866999905], [-72.5873855239999, -38.74207635499994], [-72.58586883799995, -38.73593623799991], [-72.59189501299994, -38.73501089799993], [-72.59254377199994, -38.735372268999924], [-72.59450985399991, -38.74316480299996], [-72.59582444999995, -38.74296661199992], [-72.59624660599991, -38.744594735999954], [-72.59345946399992, -38.745217485999945], [-72.59155422999993, -38.74525372499994], [-72.59088461199991, -38.74509835799995], [-72.5881911649999, -38.74405851599994], [-72.58700203899991, -38.743432811999924]]]}, "properties": {"zona": "910101003", "comuna": "Temuco", "H": [124686, 4471, [79047, 79047, 84687, 91655, 91655, 91655, 91655, 98598, 124686, 124686, 124686, 124686]], "C": [273967, 2499, [223862, 229567, 234924, 235524, 244206, 248712, 252435, 265098, 268460, 268460, 269929, 273967]], "E": [42597, 133, [39836, 41085, 41085, 41085, 41085, 41085, 42253, 42253, 42597, 42597, 42597, 42597]], "S": [2464, 0, [2464, 2464, 2464, 2464, 2464, 2464, 2464, 2464, 2464, 2464, 2464, 2464]], "O": [194939, 1697, [162790, 174891, 176227, 176227, 178542, 180732, 186444, 190166, 193500, 193500, 194172, 194939]], "I": [1122, 0, [803, 1122, 1122, 1122, 1122, 1122, 1122, 1122, 1122, 1122, 1122, 1122]], "T": [639775, 8800, [508802, 528176, 540509, 548077, 559074, 565770, 576373, 599701, 632829, 632829, 634970, 639775]]}}, {"type": "Feature", "geometry": {"type": "Polygon", "coordinates": [[[-72.58588778699993, -38.742375901999935], [-72.5836154719999, -38.74031916599995], [-72.5813420739999, -38.73897053999991], [-72.58066458299993, -38.73846118599994], [-72.58130014599993, -38.73800794999994], [-72.57999967699993, -38.73684426799991], [-72.58586883799995, -38.73593623799991], [-72.5873855239999, -38.74207635499994], [-72.58588778699993, -38.742375901999935]]]}, "properties": {"zona": "910101004", "comuna": "Temuco", "H": [20793, 0, [20793, 20793, 20793, 20793, 20793, 20793, 20793, 20793, 20793, 20793, 20793, 20793]], "C": [114413, 1127, [97482, 99302, 104280, 106785, 106785, 108578, 108578, 110768, 110768, 111377, 112478, 114413]], "E": [21449, 3197, [3547, 3547, 3547, 3547, 3547, 3547, 3547, 3547, 3547, 21449, 21449, 21449]], "S": [1927, 0, [1927, 1927, 1927, 1927, 1927, 1927, 1927, 1927, 1927, 1927, 1927, 1927]], "O": [14462, 97, [11742, 11742, 11742, 11742, 11742, 14462, 14462, 14462, 14462, 14462, 14462, 14462]], "I": [995, 0, [995, 995, 995, 995, 995, 995, 995, 995, 995, 995, 995, 995]], "T": [174039, 4421, [136486, 138306, 143284, 145789, 145789, 150302, 150302, 152492, 152492, 171003, 172104, 174039]]}}, {"type": "Feature", "geometry": {"type": "Polygon", "coordinates": [[[-72.61893379899993, -38.740678215999935], [-72.60777417699995, -38.74227571699993], [-72.60724632699993, -38.74012867099992], [-72.60747832599992, -38.74009287699994], [-72.60583594999991, -38.736159108999914], [-72.61013475699991, -38.735369491999904], [-72.61030064399995, -38.735588056999916], [-72.61420192599991, -38.73788775599991], [-72.61496295699993, -38.73854751199991], [-72.61508976499994, -38.738928521999924], [-72.6178268079999, -38.73850232099994], [-72.61741927499992, -38.73796406899993], [-72.61858491499993, -38.737323671999945], [-72.61942601999993, -38.737150432999954], [-72.61997903299994, -38.738559697999904], [-72.61809507799995, -38.739046522999956], [-72.61893379899993, -38.740678215999935]]]}, "properties": {"zona": "910102002", "comuna": "Temuco", "H": [134913, 1170, [117134, 118388, 120870, 124109, 124481, 127992, 127992, 127992, 134133, 134133, 134913, 134913]], "C": [50238, 1210, [22989, 26585, 26952, 27165, 34626, 35766, 38530, 40511, 41357, 42596, 49604, 50238]], "E": [9536, 152, [5282, 5282, 5282, 5282, 5282, 9536, 9536, 9536, 9536, 9536, 9536, 9536]], "S": [36493, 61, [31421, 31421, 34573, 35693, 35831, 36140, 36140, 36140, 36493, 36493, 36493, 36493]], "O": [8602, 410, [4279, 4279, 4413, 4413, 4528, 4528, 7620, 7620, 8151, 8151, 8151, 8602]], "I": [1934, 0, [1934, 1934, 1934, 1934, 1934, 1934, 1934, 1934, 1934, 1934, 1934, 1934]], "T": [241716, 3003, [183039, 187889, 194024, 198596, 206682, 215896, 221752, 223733, 231604, 232843, 240631, 241716]]}}, {"type": "Feature", "geometry": {"type": "Polygon", "coordinates": [[[-72.6257215899999, -38.74542844399991], [-72.62366807099994, -38.73991556999994], [-72.62968736399995, -38.73848220199994], [-72.63133102299992, -38.74279821099992], [-72.6318838709999, -38.74334710399995], [-72.63049828499993, -38.744337224999924], [-72.6257215899999, -38.74542844399991]]]}, "properties": {"zona": "910118003", "comuna": "Temuco", "H": [98243, 1928, [77781, 77898, 78589, 79251, 79847, 80166, 80166, 86232, 87305, 89341, 96897, 98243]], "C": [3334, 201, [1366, 1480, 1804, 1949, 2078, 2256, 2427, 2427, 2539, 2954, 3039, 3334]], "E": [0, 0, [0, 0, 0, 0, 0, 0, 0, 0, 0, 0, 0, 0]], "S": [0, 0, [0, 0, 0, 0, 0, 0, 0, 0, 0, 0, 0, 0]], "O": [1918, 0, [1771, 1771, 1771, 1918, 1918, 1918, 1918, 1918, 1918, 1918, 1918, 1918]], "I": [0, 0, [0, 0, 0, 0, 0, 0, 0, 0, 0, 0, 0, 0]], "T": [103495, 2129, [80918, 81149, 82164, 83118, 83843, 84340, 84511, 90577, 91762, 94213, 101854, 103495]]}}, {"type": "Feature", "geometry": {"type": "Polygon", "coordinates": [[[-72.60557611199994, -38.739179934999925], [-72.60699885199995, -38.738862196999946], [-72.60747832599992, -38.74009287699994], [-72.60724632699993, -38.74012867099992], [-72.60777417699995, -38.74227571699993], [-72.61566905599994, -38.741161322999915], [-72.6159847159999, -38.742393130999915], [-72.61692052399991, -38.745023820999904], [-72.60925926099992, -38.7433774239999], [-72.60896814099993, -38.74344396299995], [-72.60900304099994, -38.74331738899991], [-72.6073756049999, -38.74299568199996], [-72.60549928899991, -38.742884929999946], [-72.60268718099991, -38.74316073999995], [-72.60229854199991, -38.74088769499991], [-72.60605440799992, -38.74032097399993], [-72.60557611199994, -38.739179934999925]]]}, "properties": {"zona": "910102004", "comuna": "Temuco", "H": [62180, 223, [53077, 53077, 53196, 53876, 53978, 53978, 54304, 54511, 54511, 54731, 55117, 62180]], "C": [31598, 401, [24428, 26071, 26414, 26414, 26990, 29621, 29897, 29897, 30008, 30008, 31304, 31598]], "E": [8834, 0, [5196, 5196, 5196, 8834, 8834, 8834, 8834, 8834, 8834, 8834, 8834, 8834]], "S": [0, 0, [0, 0, 0, 0, 0, 0, 0, 0, 0, 0, 0, 0]], "O": [3550, 0, [3377, 3377, 3377, 3550, 3550, 3550, 3550, 3550, 3550, 3550, 3550, 3550]], "I": [1889, 0, [1889, 1889, 1889, 1889, 1889, 1889, 1889, 1889, 1889, 1889, 1889, 1889]], "T": [108051, 624, [87967, 89610, 90072, 94563, 95241, 97872, 98474, 98681, 98792, 99012, 100694, 108051]]}}, {"type": "Feature", "geometry": {"type": "Polygon", "coordinates": [[[-72.57273779099995, -38.74236915499995], [-72.57176731699991, -38.74162286599994], [-72.57239436099991, -38.74106779999994], [-72.57261731699992, -38.740077657999905], [-72.57982677099994, -38.738933205999956], [-72.58066458299993, -38.73846118599994], [-72.5813420739999, -38.73897053999991], [-72.5836154719999, -38.74031916599995], [-72.58588860599991, -38.74237689799992], [-72.58296466099995, -38.742777487999945], [-72.57471896299995, -38.74425705699991], [-72.57273779099995, -38.74236915499995]]]}, "properties": {"zona": "910104002", "comuna": "Temuco", "H": [74136, 1239, [62281, 63357, 64953, 65590, 66755, 67217, 67281, 68109, 69990, 71784, 73117, 74136]], "C": [4964, 13, [4422, 4665, 4876, 4876, 4876, 4876, 4876, 4876, 4964, 4964, 4964, 4964]], "E": [4580, 253, [3161, 3161, 3161, 3161, 3161, 3161, 3161, 3161, 3161, 4580, 4580, 4580]], "S": [0, 0, [0, 0, 0, 0, 0, 0, 0, 0, 0, 0, 0, 0]], "O": [200, 0, [200, 200, 200, 200, 200, 200, 200, 200, 200, 200, 200, 200]], "I": [5816, 0, [5816, 5816, 5816, 5816, 5816, 5816, 5816, 5816, 5816, 5816, 5816, 5816]], "T": [89696, 1505, [75880, 77199, 79006, 79643, 80808, 81270, 81334, 82162, 84131, 87344, 88677, 89696]]}}, {"type": "Feature", "geometry": {"type": "Polygon", "coordinates": [[[-72.61890529499993, -38.74062364899993], [-72.61809507799995, -38.739046522999956], [-72.61997903299994, -38.738559697999904], [-72.62078318899995, -38.74063696299993], [-72.62366807099994, -38.73991556999994], [-72.62622725299991, -38.74682740199995], [-72.62615039699995, -38.74701369099995], [-72.61940690499995, -38.7455330919999], [-72.61694999899993, -38.745103522999955], [-72.6159847159999, -38.742393130999915], [-72.61566905599994, -38.741161322999915], [-72.61890529499993, -38.74062364899993]]]}, "properties": {"zona": "910102003", "comuna": "Temuco", "H": [62466, 250, [55383, 55725, 55853, 55999, 56110, 56462, 56808, 56870, 56870, 61805, 61902, 62466]], "C": [4907, 268, [1946, 1946, 1946, 2195, 2195, 2540, 2850, 2850, 2963, 3857, 4907, 4907]], "E": [12676, 542, [0, 0, 0, 0, 7622, 7622, 7622, 12676, 12676, 12676, 12676, 12676]], "S": [0, 0, [0, 0, 0, 0, 0, 0, 0, 0, 0, 0, 0, 0]], "O": [5450, 61, [869, 869, 869, 869, 869, 1217, 1470, 1470, 1513, 5389, 5450, 5450]], "I": [264, 0, [264, 264, 264, 264, 264, 264, 264, 264, 264, 264, 264, 264]], "T": [85763, 1121, [58462, 58804, 58932, 59327, 67060, 68105, 69014, 74130, 74286, 83991, 85199, 85763]]}}, {"type": "Feature", "geometry": {"type": "Polygon", "coordinates": [[[-72.57471896299995, -38.74425705699991], [-72.58588860599991, -38.74237689799992], [-72.58619471199995, -38.74280608499993], [-72.5873649049999, -38.74610521199992], [-72.5875416209999, -38.74690489499994], [-72.58766819999994, -38.749134057999925], [-72.58551346699994, -38.74871217099991], [-72.58414826299992, -38.7486778249999], [-72.58240839799993, -38.74845476099995], [-72.5808237039999, -38.74816970999996], [-72.57978505199992, -38.74784882799992], [-72.5786495829999, -38.74727361099991], [-72.57712126799993, -38.7462988499999], [-72.57471896299995, -38.74425705699991]]]}, "properties": {"zona": "910104001", "comuna": "Temuco", "H": [89742, 1208, [74063, 75258, 76761, 78042, 78929, 79116, 79526, 79971, 81958, 87045, 88433, 89742]], "C": [2783, 0, [2783, 2783, 2783, 2783, 2783, 2783, 2783, 2783, 2783, 2783, 2783, 2783]], "E": [1953, 0, [1953, 1953, 1953, 1953, 1953, 1953, 1953, 1953, 1953, 1953, 1953, 1953]], "S": [0, 0, [0, 0, 0, 0, 0, 0, 0, 0, 0, 0, 0, 0]], "O": [151, 5, [0, 0, 0, 0, 0, 151, 151, 151, 151, 151, 151, 151]], "I": [1759, 0, [1759, 1759, 1759, 1759, 1759, 1759, 1759, 1759, 1759, 1759, 1759, 1759]], "T": [96388, 1213, [80558, 81753, 83256, 84537, 85424, 85762, 86172, 86617, 88604, 93691, 95079, 96388]]}}, {"type": "Feature", "geometry": {"type": "Polygon", "coordinates": [[[-72.62622725299991, -38.74682740199995], [-72.6257215899999, -38.74542844399991], [-72.63049828499993, -38.744337224999924], [-72.6318838709999, -38.74334710399995], [-72.63460867299995, -38.74591749099994], [-72.63706399999995, -38.74929780299993], [-72.62615039699995, -38.74701369099995], [-72.62622725299991, -38.74682740199995]]]}, "properties": {"zona": "910118005", "comuna": "Temuco", "H": [65594, 243, [60989, 61290, 62341, 63148, 63268, 63268, 63381, 63467, 63630, 64959, 64959, 65594]], "C": [4027, 185, [1089, 2348, 2348, 3056, 3056, 3056, 3056, 3056, 3056, 3693, 4027, 4027]], "E": [149, 0, [149, 149, 149, 149, 149, 149, 149, 149, 149, 149, 149, 149]], "S": [0, 0, [0, 0, 0, 0, 0, 0, 0, 0, 0, 0, 0, 0]], "O": [480, 0, [138, 480, 480, 480, 480, 480, 480, 480, 480, 480, 480, 480]], "I": [187, 0, [187, 187, 187, 187, 187, 187, 187, 187, 187, 187, 187, 187]], "T": [70437, 428, [62552, 64454, 65505, 67020, 67140, 67140, 67253, 67339, 67502, 69468, 69802, 70437]]}}, {"type": "Feature", "geometry": {"type": "Polygon", "coordinates": [[[-72.60900490099993, -38.74530490099994], [-72.60572809899992, -38.742891571999905], [-72.6073756049999, -38.74299568199996], [-72.60880693099995, -38.743271438999955], [-72.60900304099994, -38.74331738899991], [-72.60896814099993, -38.74344396299995], [-72.60925926099992, -38.7433774239999], [-72.61692052399991, -38.745023820999904], [-72.61694999899993, -38.745103522999955], [-72.61940690499995, -38.7455330919999], [-72.62931653299995, -38.747675761999915], [-72.61783342399991, -38.750458791999904], [-72.61733103699993, -38.75070983799992], [-72.61659190199993, -38.751295726999956], [-72.60988511199992, -38.7459619789999], [-72.60947149499992, -38.74598284199993], [-72.60928808499995, -38.7462804779999], [-72.6092806449999, -38.745859511999925], [-72.60915502799992, -38.74584229799996], [-72.60900490099993, -38.74530490099994]]]}, "properties": {"zona": "910117003", "comuna": "Temuco", "H": [61462, 426, [58378, 58378, 58491, 58681, 58877, 59151, 59151, 59625, 60012, 60361, 61122, 61462]], "C": [36837, 21, [36147, 36147, 36543, 36543, 36543, 36543, 36837, 36837, 36837, 36837, 36837, 36837]], "E": [52241, 0, [52241, 52241, 52241, 52241, 52241, 52241, 52241, 52241, 52241, 52241, 52241, 52241]], "S": [0, 0, [0, 0, 0, 0, 0, 0, 0, 0, 0, 0, 0, 0]], "O": [1355, 8, [1041, 1041, 1041, 1241, 1241, 1241, 1355, 1355, 1355, 1355, 1355, 1355]], "I": [203, 0, [203, 203, 203, 203, 203, 203, 203, 203, 203, 203, 203, 203]], "T": [152098, 455, [148010, 148010, 148519, 148909, 149105, 149379, 149787, 150261, 150648, 150997, 151758, 152098]]}}, {"type": "Feature", "geometry": {"type": "Polygon", "coordinates": [[[-72.58752286499993, -38.74672043399994], [-72.58632215299991, -38.7431041559999], [-72.58588860599991, -38.74237689799992], [-72.58645999099991, -38.743006316999924], [-72.5877092039999, -38.74384392199994], [-72.59088461199991, -38.74509835799995], [-72.59193879399993, -38.745285244999934], [-72.59345946399992, -38.745217485999945], [-72.60168863399991, -38.743371829999944], [-72.60389787899993, -38.742985596999915], [-72.60643745099992, -38.75373489099991], [-72.60673445299994, -38.75386146799991], [-72.60848417999995, -38.7538002469999], [-72.60910101499991, -38.754095408999945], [-72.60935451899991, -38.75480247599995], [-72.60939893099993, -38.75717139299991], [-72.6079002319999, -38.75712010199993], [-72.6020046939999, -38.75564575199991], [-72.6003990609999, -38.755039867999926], [-72.59869731899994, -38.754186673999925], [-72.59295435399991, -38.750740899999926], [-72.59251471399995, -38.75031946999991], [-72.59175437199991, -38.750027073999945], [-72.58948893099995, -38.74954726899995], [-72.58872868999993, -38.74928912099995], [-72.58766819999994, -38.749134057999925], [-72.58752286499993, -38.74672043399994]]]}, "properties": {"zona": "910116004", "comuna": "Temuco", "H": [103812, 5174, [39461, 49637, 49782, 50386, 58628, 58734, 59186, 81137, 90863, 91099, 91840, 103812]], "C": [50803, 5440, [10675, 10675, 10675, 10675, 12816, 12816, 12816, 13420, 49839, 50803, 50803, 50803]], "E": [5686, 62, [4815, 4815, 4815, 4815, 4815, 4815, 5686, 5686, 5686, 5686, 5686, 5686]], "S": [0, 0, [0, 0, 0, 0, 0, 0, 0, 0, 0, 0, 0, 0]], "O": [3126, 0, [3126, 3126, 3126, 3126, 3126, 3126, 3126, 3126, 3126, 3126, 3126, 3126]], "I": [8793, 0, [8793, 8793, 8793, 8793, 8793, 8793, 8793, 8793, 8793, 8793, 8793, 8793]], "T": [172220, 10676, [66870, 77046, 77191, 77795, 88178, 88284, 89607, 112162, 158307, 159507, 160248, 172220]]}}, {"type": "Feature", "geometry": {"type": "Polygon", "coordinates": [[[-72.60939562899995, -38.75517918599991], [-72.60928808499995, -38.7462804779999], [-72.60942202799993, -38.74601377099992], [-72.60967705599995, -38.74593414399993], [-72.60988511199992, -38.7459619789999], [-72.61292908299993, -38.7484710839999], [-72.6206957359999, -38.754462593999904], [-72.61608293299992, -38.75421498499992], [-72.61098127799994, -38.75377217199991], [-72.61078839099991, -38.75391716699994], [-72.61092387999992, -38.75518953099993], [-72.60939562899995, -38.75517918599991]]]}, "properties": {"zona": "910116001", "comuna": "Temuco", "H": [82883, 484, [76425, 76491, 77640, 78441, 78588, 78692, 78782, 79035, 79513, 81633, 82211, 82883]], "C": [16005, 0, [15625, 15625, 15798, 16005, 16005, 16005, 16005, 16005, 16005, 16005, 16005, 16005]], "E": [1470, 0, [548, 548, 1470, 1470, 1470, 1470, 1470, 1470, 1470, 1470, 1470, 1470]], "S": [0, 0, [0, 0, 0, 0, 0, 0, 0, 0, 0, 0, 0, 0]], "O": [228, 0, [228, 228, 228, 228, 228, 228, 228, 228, 228, 228, 228, 228]], "I": [524, 0, [524, 524, 524, 524, 524, 524, 524, 524, 524, 524, 524, 524]], "T": [101110, 484, [93350, 93416, 95660, 96668, 96815, 96919, 97009, 97262, 97740, 99860, 100438, 101110]]}}, {"type": "Feature", "geometry": {"type": "Polygon", "coordinates": [[[-72.6281440699999, -38.75111457399993], [-72.62825467499994, -38.74946798099995], [-72.6285923449999, -38.74930364399995], [-72.62910288799992, -38.747935465999944], [-72.62931653299995, -38.747675761999915], [-72.63706399999995, -38.74929780299993], [-72.63849590399991, -38.752783765999936], [-72.63742973399991, -38.752535362999936], [-72.63661500599994, -38.75182628299996], [-72.63564418599992, -38.751519808999944], [-72.63432691699995, -38.751772031999906], [-72.63334300999992, -38.75215631499992], [-72.63219860499993, -38.75228049799995], [-72.62963638799994, -38.75301580999991], [-72.62816543799994, -38.7532804569999], [-72.6273905349999, -38.75330920099992], [-72.62754947699995, -38.75108898599996], [-72.6281440699999, -38.75111457399993]]]}, "properties": {"zona": "910117001", "comuna": "Temuco", "H": [71174, 741, [63791, 63791, 64730, 65186, 65186, 65300, 65300, 65845, 66459, 69179, 70308, 71174]], "C": [1482, 22, [1356, 1356, 1356, 1356, 1356, 1356, 1356, 1356, 1356, 1482, 1482, 1482]], "E": [107, 0, [107, 107, 107, 107, 107, 107, 107, 107, 107, 107, 107, 107]], "S": [0, 0, [0, 0, 0, 0, 0, 0, 0, 0, 0, 0, 0, 0]], "O": [0, 0, [0, 0, 0, 0, 0, 0, 0, 0, 0, 0, 0, 0]], "I": [16783, 2824, [968, 968, 968, 968, 968, 968, 968, 968, 968, 16783, 16783, 16783]], "T": [89546, 3587, [66222, 66222, 67161, 67617, 67617, 67731, 67731, 68276, 68890, 87551, 88680, 89546]]}}, {"type": "Feature", "geometry": {"type": "Polygon", "coordinates": [[[-72.62143922399991, -38.74965378099995], [-72.6277949439999, -38.748084612999946], [-72.62925091299991, -38.74769970299991], [-72.6285923449999, -38.74930364399995], [-72.62825467499994, -38.74946798099995], [-72.6281440699999, -38.75111457399993], [-72.62754947699995, -38.75108898599996], [-72.6272279719999, -38.754892412999936], [-72.6206957359999, -38.754462593999904], [-72.61659190199993, -38.751295726999956], [-72.61733103699993, -38.75070983799992], [-72.61783342399991, -38.750458791999904], [-72.62037916399993, -38.74980788999994], [-72.62143922399991, -38.74965378099995]]]}, "properties": {"zona": "910117002", "comuna": "Temuco", "H": [121745, 1156, [113301, 113301, 114199, 115606, 115606, 115746, 115746, 116085, 117069, 119092, 120508, 121745]], "C": [2744, 0, [2744, 2744, 2744, 2744, 2744, 2744, 2744, 2744, 2744, 2744, 2744, 2744]], "E": [6497, 0, [5594, 5594, 5594, 6497, 6497, 6497, 6497, 6497, 6497, 6497, 6497, 6497]], "S": [0, 0, [0, 0, 0, 0, 0, 0, 0, 0, 0, 0, 0, 0]], "O": [2055, 0, [2055, 2055, 2055, 2055, 2055, 2055, 2055, 2055, 2055, 2055, 2055, 2055]], "I": [0, 0, [0, 0, 0, 0, 0, 0, 0, 0, 0, 0, 0, 0]], "T": [133041, 1156, [123694, 123694, 124592, 126902, 126902, 127042, 127042, 127381, 128365, 130388, 131804, 133041]]}}, {"type": "Feature", "geometry": {"type": "Polygon", "coordinates": [[[-72.64833098699995, -38.75408434099995], [-72.64660279299994, -38.75357069899991], [-72.64682605699994, -38.753339239999946], [-72.6468691039999, -38.753078832999904], [-72.64634155399995, -38.751622228999906], [-72.64611947599991, -38.751277074999905], [-72.66169208799994, -38.754621743999905], [-72.66080109599994, -38.757115305999946], [-72.66354274699995, -38.75722668199995], [-72.66462871199991, -38.757453477999945], [-72.66475640399995, -38.75750455699995], [-72.66462845099994, -38.75849807299994], [-72.66120626199995, -38.75858208199992], [-72.65847627599993, -38.75920114199994], [-72.65674536299991, -38.760332519999906], [-72.65609853099994, -38.76090880299995], [-72.65577062099993, -38.761374531999934], [-72.65394662699993, -38.76288530499994], [-72.65294255799995, -38.76341177799992], [-72.65061285199994, -38.76409593299991], [-72.64958193899992, -38.76419083899992], [-72.64876155499991, -38.76413768499992], [-72.64829802899993, -38.7642532669999], [-72.64757251299994, -38.76411387699994], [-72.64603050699992, -38.764200186999915], [-72.64517078199992, -38.764055440999925], [-72.64226739399993, -38.762992553999936], [-72.64073046399994, -38.762710661999904], [-72.63948599199995, -38.75636132799991], [-72.64117346299992, -38.75678874999994], [-72.64709550999993, -38.75720937099993], [-72.64719428299992, -38.75721507399993], [-72.64714373899994, -38.75683833699992], [-72.65101953499993, -38.75706200299993], [-72.65074306199995, -38.754654574999904], [-72.64979578299995, -38.75447266899994], [-72.64886398599992, -38.754031040999905], [-72.64833098699995, -38.75408434099995]]]}, "properties": {"zona": "910110008", "comuna": "Temuco", "H": [208984, 5983, [117126, 123032, 129233, 151632, 154592, 172858, 181998, 182616, 189423, 205887, 208000, 208984]], "C": [28519, 1033, [9613, 9613, 9613, 9794, 17346, 22950, 24248, 24248, 24248, 24569, 28519, 28519]], "E": [5227, 0, [0, 0, 5227, 5227, 5227, 5227, 5227, 5227, 5227, 5227, 5227, 5227]], "S": [0, 0, [0, 0, 0, 0, 0, 0, 0, 0, 0, 0, 0, 0]], "O": [564, 20, [285, 285, 285, 285, 285, 285, 564, 564, 564, 564, 564, 564]], "I": [79423, 13954, [1280, 1280, 1280, 1280, 1280, 1280, 1280, 1280, 1280, 79423, 79423, 79423]], "T": [322717, 20990, [128304, 134210, 145638, 168218, 178730, 202600, 213317, 213935, 220742, 315670, 321733, 322717]]}}, {"type": "Feature", "geometry": {"type": "Polygon", "coordinates": [[[-72.61081767499991, -38.75384298999995], [-72.61202871899991, -38.753815896999924], [-72.6144706259999, -38.75409851199993], [-72.61828751799993, -38.75433389199992], [-72.61614561099992, -38.760100526999906], [-72.61528574699992, -38.759658593999916], [-72.61410173399992, -38.758778194999934], [-72.61315558899992, -38.75829936699995], [-72.61080477699994, -38.75737587599991], [-72.60939893099993, -38.75717139299991], [-72.60939562899995, -38.75517918599991], [-72.61092387999992, -38.75518953099993], [-72.61081767499991, -38.75384298999995]]]}, "properties": {"zona": "910116002", "comuna": "Temuco", "H": [33407, 472, [28092, 28425, 29060, 29715, 29936, 30019, 30019, 30019, 31499, 32497, 32620, 33407]], "C": [1367, 41, [534, 534, 534, 534, 1174, 1174, 1174, 1174, 1174, 1174, 1367, 1367]], "E": [1032, 31, [601, 601, 601, 601, 601, 601, 1032, 1032, 1032, 1032, 1032, 1032]], "S": [0, 0, [0, 0, 0, 0, 0, 0, 0, 0, 0, 0, 0, 0]], "O": [24, 0, [24, 24, 24, 24, 24, 24, 24, 24, 24, 24, 24, 24]], "I": [0, 0, [0, 0, 0, 0, 0, 0, 0, 0, 0, 0, 0, 0]], "T": [35830, 544, [29251, 29584, 30219, 30874, 31735, 31818, 32249, 32249, 33729, 34727, 35043, 35830]]}}, {"type": "Feature", "geometry": {"type": "Polygon", "coordinates": [[[-72.6224297739999, -38.75736598199995], [-72.6175732879999, -38.75624700199995], [-72.61828751799993, -38.75433389199992], [-72.62597532799992, -38.754818934999946], [-72.62585565899991, -38.75528479499991], [-72.6264602249999, -38.75529257399995], [-72.62591407199994, -38.75760156299992], [-72.62246142599992, -38.757225915999925], [-72.6224297739999, -38.75736598199995]]]}, "properties": {"zona": "910103003", "comuna": "Temuco", "H": [39444, 526, [33984, 34617, 35352, 35988, 36308, 36415, 36466, 36875, 37849, 38583, 38887, 39444]], "C": [1415, 40, [1253, 1253, 1253, 1253, 1253, 1253, 1253, 1253, 1253, 1253, 1253, 1415]], "E": [3312, 0, [3312, 3312, 3312, 3312, 3312, 3312, 3312, 3312, 3312, 3312, 3312, 3312]], "S": [1844, 0, [1844, 1844, 1844, 1844, 1844, 1844, 1844, 1844, 1844, 1844, 1844, 1844]], "O": [698, 0, [698, 698, 698, 698, 698, 698, 698, 698, 698, 698, 698, 698]], "I": [0, 0, [0, 0, 0, 0, 0, 0, 0, 0, 0, 0, 0, 0]], "T": [46713, 566, [41091, 41724, 42459, 43095, 43415, 43522, 43573, 43982, 44956, 45690, 45994, 46713]]}}, {"type": "Feature", "geometry": {"type": "Polygon", "coordinates": [[[-72.62502912899993, -38.761801599999956], [-72.6264602249999, -38.75529257399995], [-72.62585565899991, -38.75528479499991], [-72.62597538699993, -38.754818705999924], [-72.63267630899992, -38.75503451199995], [-72.63221274799992, -38.75695002999993], [-72.63223273699992, -38.75732435099991], [-72.63262904999993, -38.7583947949999], [-72.63136747399994, -38.758788386999925], [-72.63143575399994, -38.75888860799995], [-72.63128661999991, -38.75897960799995], [-72.63069334799991, -38.76140248599995], [-72.62976108399994, -38.76139336099993], [-72.62751242399992, -38.76173172099993], [-72.62618715299993, -38.761682452999935], [-72.62516824099993, -38.761816445999955], [-72.62502912899993, -38.761801599999956]]]}, "properties": {"zona": "910103002", "comuna": "Temuco", "H": [72425, 1489, [58447, 58657, 60430, 63217, 63335, 63623, 63819, 65146, 67475, 70127, 71767, 72425]], "C": [4031, 0, [3951, 3951, 3951, 4031, 4031, 4031, 4031, 4031, 4031, 4031, 4031, 4031]], "E": [5752, 41, [5560, 5560, 5560, 5560, 5560, 5560, 5560, 5560, 5560, 5560, 5752, 5752]], "S": [0, 0, [0, 0, 0, 0, 0, 0, 0, 0, 0, 0, 0, 0]], "O": [170, 0, [170, 170, 170, 170, 170, 170, 170, 170, 170, 170, 170, 170]], "I": [1046, 0, [1046, 1046, 1046, 1046, 1046, 1046, 1046, 1046, 1046, 1046, 1046, 1046]], "T": [83424, 1530, [69174, 69384, 71157, 74024, 74142, 74430, 74626, 75953, 78282, 80934, 82766, 83424]]}}, {"type": "Feature", "geometry": {"type": "Polygon", "coordinates": [[[-72.63280511199991, -38.75884875399993], [-72.63223273699992, -38.75732435099991], [-72.63221274799992, -38.75695002999993], [-72.63267630899992, -38.75503451199995], [-72.63519855999994, -38.75513270899995], [-72.63948599199995, -38.75636132799991], [-72.6400723399999, -38.75958232799991], [-72.63769238099991, -38.76015141399995], [-72.63689787899995, -38.75811709199991], [-72.63523506099995, -38.75846637099994], [-72.63517508799993, -38.75833396399992], [-72.63403558899995, -38.75860470799995], [-72.63400616399991, -38.75853332499992], [-72.63280511199991, -38.75884875399993]]]}, "properties": {"zona": "910103001", "comuna": "Temuco", "H": [47182, 465, [40482, 40547, 42337, 43542, 43629, 43629, 43629, 43726, 44599, 46149, 46474, 47182]], "C": [1125, 45, [875, 875, 875, 875, 875, 875, 875, 875, 875, 1125, 1125, 1125]], "E": [3692, 104, [2995, 2995, 2995, 2995, 2995, 2995, 3390, 3390, 3390, 3390, 3390, 3692]], "S": [0, 0, [0, 0, 0, 0, 0, 0, 0, 0, 0, 0, 0, 0]], "O": [2068, 0, [1837, 1837, 1837, 2068, 2068, 2068, 2068, 2068, 2068, 2068, 2068, 2068]], "I": [1127, 0, [1127, 1127, 1127, 1127, 1127, 1127, 1127, 1127, 1127, 1127, 1127, 1127]], "T": [55194, 614, [47316, 47381, 49171, 50607, 50694, 50694, 51089, 51186, 52059, 53859, 54184, 55194]]}}, {"type": "Feature", "geometry": {"type": "Polygon", "coordinates": [[[-72.61614561099992, -38.760100526999906], [-72.61757292699991, -38.75624691699994], [-72.6224297739999, -38.75736598199995], [-72.62246142599992, -38.757225915999925], [-72.62591407199994, -38.75760156299992], [-72.62502912899993, -38.761801599999956], [-72.62471626299993, -38.761863568999956], [-72.62395526899991, -38.76174339699992], [-72.62319576699991, -38.76180890099994], [-72.62266850299994, -38.761733704999926], [-72.6213949559999, -38.76140053799992], [-72.61963651399992, -38.76113410799991], [-72.61614561099992, -38.760100526999906]]]}, "properties": {"zona": "910103004", "comuna": "Temuco", "H": [59202, 643, [37409, 37633, 37973, 38301, 38363, 38428, 38428, 38708, 40100, 41117, 41441, 59202]], "C": [3053, 40, [2646, 2646, 2646, 2646, 2646, 2936, 2936, 2936, 2936, 2936, 2936, 3053]], "E": [748, 0, [748, 748, 748, 748, 748, 748, 748, 748, 748, 748, 748, 748]], "S": [276, 0, [276, 276, 276, 276, 276, 276, 276, 276, 276, 276, 276, 276]], "O": [224, 0, [224, 224, 224, 224, 224, 224, 224, 224, 224, 224, 224, 224]], "I": [217, 0, [217, 217, 217, 217, 217, 217, 217, 217, 217, 217, 217, 217]], "T": [63720, 683, [41520, 41744, 42084, 42412, 42474, 42829, 42829, 43109, 44501, 45518, 45842, 63720]]}}, {"type": "Feature", "geometry": {"type": "Polygon", "coordinates": [[[-72.63523506099995, -38.75846637099994], [-72.63689787899995, -38.75811709199991], [-72.63769238099991, -38.76015141399995], [-72.6400723399999, -38.75958232799991], [-72.64073046399994, -38.762710661999904], [-72.63784981099991, -38.76208165999992], [-72.63577763399991, -38.762109224999904], [-72.63373076399995, -38.76158583299991], [-72.63265092699993, -38.76159467899993], [-72.63069333499993, -38.76140253799991], [-72.63128661999991, -38.75897960799995], [-72.63143575399994, -38.75888860799995], [-72.63136747399994, -38.758788386999925], [-72.63262904999993, -38.7583947949999], [-72.63280511199991, -38.75884875399993], [-72.63517508799993, -38.75833396399992], [-72.63523506099995, -38.75846637099994]]]}, "properties": {"zona": "910103005", "comuna": "Temuco", "H": [44152, 689, [33454, 34473, 37610, 38648, 39334, 39334, 39334, 39570, 40669, 42535, 43116, 44152]], "C": [483, 28, [212, 212, 325, 325, 325, 325, 325, 325, 325, 483, 483, 483]], "E": [6320, 404, [1365, 1365, 3829, 4434, 4434, 4434, 4434, 4434, 4434, 4434, 6320, 6320]], "S": [0, 0, [0, 0, 0, 0, 0, 0, 0, 0, 0, 0, 0, 0]], "O": [559, 0, [559, 559, 559, 559, 559, 559, 559, 559, 559, 559, 559, 559]], "I": [229, 0, [229, 229, 229, 229, 229, 229, 229, 229, 229, 229, 229, 229]], "T": [51743, 1121, [35819, 36838, 42552, 44195, 44881, 44881, 44881, 45117, 46216, 48240, 50707, 51743]]}}, {"type": "Feature", "geometry": {"type": "Polygon", "coordinates": [[[-72.6128647299999, -38.728466048999906], [-72.61423440899995, -38.728280242999915], [-72.62296240899991, -38.72923823499991], [-72.62542335299992, -38.72999841799992], [-72.6253679159999, -38.7301187889999], [-72.62500189499991, -38.730034763999925], [-72.62495981799992, -38.730133019999926], [-72.61713765499991, -38.732903294999915], [-72.61577481499995, -38.73026581699992], [-72.61425891199991, -38.73066735799995], [-72.61209765799993, -38.73149267899993], [-72.61044254299992, -38.72884897999995], [-72.61092867399992, -38.72849680199994], [-72.61133856399994, -38.72877407999994], [-72.6117510009999, -38.728858197999955], [-72.6128647299999, -38.728466048999906]]]}, "properties": {"zona": "910109004", "comuna": "Temuco", "H": [108141, 1229, [83025, 83160, 83358, 97377, 97906, 97906, 98103, 98103, 98629, 104368, 105000, 108141]], "C": [8829, 271, [4615, 4615, 4941, 4996, 5444, 5898, 7820, 7820, 7820, 7967, 8159, 8829]], "E": [4706, 33, [1932, 1932, 4477, 4477, 4477, 4477, 4477, 4477, 4706, 4706, 4706, 4706]], "S": [0, 0, [0, 0, 0, 0, 0, 0, 0, 0, 0, 0, 0, 0]], "O": [8460, 528, [2380, 2380, 2380, 2380, 2380, 2380, 7766, 7974, 7974, 7974, 7974, 8460]], "I": [0, 0, [0, 0, 0, 0, 0, 0, 0, 0, 0, 0, 0, 0]], "T": [130136, 2061, [91952, 92087, 95156, 109230, 110207, 110661, 118166, 118374, 119129, 125015, 125839, 130136]]}}, {"type": "Feature", "geometry": {"type": "Polygon", "coordinates": [[[-72.74132389099992, -38.754951785999936], [-72.74120332799993, -38.75455774699992], [-72.74415951799995, -38.754023514999915], [-72.74412366099995, -38.75498355199994], [-72.74524937299992, -38.754936219999934], [-72.74628049699993, -38.75469160599994], [-72.74620181599994, -38.7558980039999], [-72.7491234929999, -38.75585849399994], [-72.74963654599992, -38.75747366199994], [-72.75216816299991, -38.75741605999991], [-72.75293888699991, -38.761005449999914], [-72.7468847479999, -38.76067190799995], [-72.74685139199994, -38.76131737499992], [-72.74622543299995, -38.76126361199994], [-72.74567275499993, -38.76106072099992], [-72.74007812399992, -38.76078907699991], [-72.73890769499991, -38.757465408999906], [-72.73759947999991, -38.75774038499992], [-72.73641938599991, -38.75762737899993], [-72.73579694199992, -38.75591281699991], [-72.73705725999992, -38.75579068999991], [-72.73705440399993, -38.756204716999946], [-72.73844286099995, -38.756186045999925], [-72.7384007469999, -38.75589979599994], [-72.74110810699995, -38.75575117799991], [-72.74132389099992, -38.754951785999936]]]}, "properties": {"zona": "910110007", "comuna": "Temuco", "H": [145502, 5845, [55848, 59545, 66657, 72112, 73043, 78306, 83783, 90377, 105959, 110304, 144282, 145502]], "C": [802, 39, [543, 543, 543, 543, 543, 543, 593, 593, 638, 802, 802, 802]], "E": [657, 0, [657, 657, 657, 657, 657, 657, 657, 657, 657, 657, 657, 657]], "S": [0, 0, [0, 0, 0, 0, 0, 0, 0, 0, 0, 0, 0, 0]], "O": [0, 0, [0, 0, 0, 0, 0, 0, 0, 0, 0, 0, 0, 0]], "I": [0, 0, [0, 0, 0, 0, 0, 0, 0, 0, 0, 0, 0, 0]], "T": [146961, 5884, [57048, 60745, 67857, 73312, 74243, 79506, 85033, 91627, 107254, 111763, 145741, 146961]]}}, {"type": "Feature", "geometry": {"type": "Polygon", "coordinates": [[[-72.75293888699991, -38.761005449999914], [-72.75267106099994, -38.75983182099992], [-72.75573126799992, -38.759264652999946], [-72.75611735799993, -38.760636345999956], [-72.76592888499994, -38.76041193399993], [-72.7664599119999, -38.76202316999991], [-72.76689681399995, -38.762045808999915], [-72.76688941099991, -38.76237150599991], [-72.77279792799993, -38.762613776999956], [-72.77355411799994, -38.7657160949999], [-72.77241728099995, -38.76576314199991], [-72.77180149499992, -38.76567286299991], [-72.77073702099995, -38.76576381299992], [-72.77019627499993, -38.765679865999914], [-72.76915207399992, -38.76592498799994], [-72.76679324899993, -38.76503402599991], [-72.76568521299993, -38.764378010999906], [-72.76508773899991, -38.76423732599994], [-72.7623103979999, -38.76443776399992], [-72.7599098199999, -38.76488587599994], [-72.75838294699992, -38.765728657999944], [-72.7575540009999, -38.76579676499995], [-72.75725563999993, -38.76683999399995], [-72.7557076249999, -38.76665979299992], [-72.7481741599999, -38.76496922399991], [-72.74813277599992, -38.76458431299994], [-72.74780515899994, -38.76444269199993], [-72.74686931999992, -38.76449668999993], [-72.74544427199993, -38.763906849999955], [-72.7439407199999, -38.76370188199991], [-72.74295210699995, -38.763743606999924], [-72.74110755299995, -38.76330007799993], [-72.74085744899992, -38.76311042599991], [-72.74007812399992, -38.76078907699991], [-72.74567275499993, -38.76106072099992], [-72.74622543299995, -38.76126361199994], [-72.74685139199994, -38.76131737499992], [-72.7468847479999, -38.76067190799995], [-72.75293888699991, -38.761005449999914]]]}, "properties": {"zona": "910110006", "comuna": "Temuco", "H": [245823, 16224, [88951, 89176, 101199, 122804, 136905, 140985, 169493, 179517, 203934, 208865, 226796, 245823]], "C": [11850, 137, [1034, 1034, 1100, 1471, 1577, 1811, 1909, 2056, 2154, 2154, 2422, 11850]], "E": [7616, 90, [7195, 7195, 7195, 7195, 7195, 7195, 7195, 7195, 7195, 7195, 7616, 7616]], "S": [3321, 0, [0, 0, 0, 3321, 3321, 3321, 3321, 3321, 3321, 3321, 3321, 3321]], "O": [60, 0, [60, 60, 60, 60, 60, 60, 60, 60, 60, 60, 60, 60]], "I": [0, 0, [0, 0, 0, 0, 0, 0, 0, 0, 0, 0, 0, 0]], "T": [268670, 16451, [97240, 97465, 109554, 134851, 149058, 153372, 181978, 192149, 216664, 221595, 240215, 268670]]}}, {"type": "Feature", "geometry": {"type": "Polygon", "coordinates": [[[-72.77126347599994, -38.760268681999946], [-72.77046923799992, -38.757887911999944], [-72.77318500399991, -38.75736946099994], [-72.77297979899993, -38.75675645399991], [-72.77603158999995, -38.7561715839999], [-72.78014486699993, -38.76649572499991], [-72.77926660999992, -38.76655297699995], [-72.77977817699991, -38.76856139899991], [-72.77782469199991, -38.768846511999925], [-72.77769688599994, -38.768303578999905], [-72.77823301899991, -38.76815756299993], [-72.77826122899995, -38.767946217999906], [-72.7778691549999, -38.76664322599993], [-72.77449250699993, -38.76693366599994], [-72.77023108999992, -38.76808046199994], [-72.76949444599995, -38.76813719799992], [-72.76731176099992, -38.768087856999955], [-72.76245472499994, -38.76714646799991], [-72.7587503389999, -38.766842252999936], [-72.75725563999993, -38.76683999399995], [-72.7575540009999, -38.76579676499995], [-72.75838294699992, -38.765728657999944], [-72.7599098199999, -38.76488587599994], [-72.76254951599992, -38.76440962099991], [-72.7654581239999, -38.76428858699995], [-72.7670241109999, -38.76513660899991], [-72.76915207399992, -38.76592498799994], [-72.77019627499993, -38.765679865999914], [-72.77073702099995, -38.76576381299992], [-72.77180149499992, -38.76567286299991], [-72.77241728099995, -38.76576314199991], [-72.77355411799994, -38.7657160949999], [-72.77279792799993, -38.762613776999956], [-72.76688941099991, -38.76237150599991], [-72.76689681399995, -38.762045808999915], [-72.7664599119999, -38.76202316999991], [-72.76592888499994, -38.76041193399993], [-72.76618191499995, -38.76040739899992], [-72.7664354179999, -38.76125566299993], [-72.7723061019999, -38.76113068199993], [-72.77202310599995, -38.76029769999991], [-72.77126347599994, -38.760268681999946]]]}, "properties": {"zona": "910110005", "comuna": "Temuco", "H": [172759, 9021, [72829, 73572, 83478, 95090, 108767, 126298, 128868, 129343, 136861, 155822, 170762, 172759]], "C": [19937, 40, [719, 974, 974, 1486, 6914, 6946, 6946, 6946, 6946, 7026, 7093, 19937]], "E": [5986, 634, [0, 0, 0, 0, 0, 0, 2714, 5357, 5357, 5357, 5357, 5986]], "S": [0, 0, [0, 0, 0, 0, 0, 0, 0, 0, 0, 0, 0, 0]], "O": [0, 0, [0, 0, 0, 0, 0, 0, 0, 0, 0, 0, 0, 0]], "I": [0, 0, [0, 0, 0, 0, 0, 0, 0, 0, 0, 0, 0, 0]], "T": [198682, 9695, [73548, 74546, 84452, 96576, 115681, 133244, 138528, 141646, 149164, 168205, 183212, 198682]]}}, {"type": "Feature", "geometry": {"type": "Polygon", "coordinates": [[[-72.7501329829999, -38.772432342999934], [-72.7483393949999, -38.77234889099992], [-72.74478546699993, -38.77263154499991], [-72.74465958899992, -38.77255963099992], [-72.74445321999991, -38.77202355999992], [-72.74331048599993, -38.772260314999926], [-72.74259179599994, -38.772671620999915], [-72.74221391499992, -38.77152586999995], [-72.7384729719999, -38.77234650299994], [-72.73820971799995, -38.77074905899991], [-72.73919729199991, -38.770568469999944], [-72.73898379799994, -38.76990275399993], [-72.73917653699993, -38.76986663899993], [-72.7388046129999, -38.768625399999905], [-72.73967729799995, -38.76844196899992], [-72.73935296299993, -38.76738115199993], [-72.74083414299992, -38.76706187599996], [-72.74010249999992, -38.764888337999935], [-72.74539874999994, -38.76518717999994], [-72.74531604399994, -38.76501762699991], [-72.74546669699993, -38.764880407999954], [-72.74729893599994, -38.76481253599991], [-72.7557076249999, -38.76665979299992], [-72.75716593299995, -38.76684161499992], [-72.76068989999993, -38.76699497199991], [-72.76063714899993, -38.7685454409999], [-72.7607693679999, -38.76895917399992], [-72.7607895399999, -38.770210601999906], [-72.76089897299994, -38.77036553999994], [-72.76117160799993, -38.770423114999915], [-72.76119219599991, -38.77076891699994], [-72.7610373519999, -38.77316053099992], [-72.76175922599992, -38.77324589199992], [-72.76225014899995, -38.773640315999955], [-72.7625885409999, -38.774096079999936], [-72.76292268199995, -38.77427682699994], [-72.76297178699991, -38.774121761999936], [-72.76489059799991, -38.774290494999946], [-72.76494950799992, -38.77319765999994], [-72.76510399199992, -38.773192054999924], [-72.7653165879999, -38.77406279699994], [-72.7661060499999, -38.77590611599993], [-72.76596392199991, -38.77744841999993], [-72.76455971799993, -38.777446985999916], [-72.76400652899991, -38.77705967999992], [-72.76315441399993, -38.77677733999991], [-72.76271661699991, -38.77682434199994], [-72.7623073119999, -38.776590160999945], [-72.76149187399994, -38.77639895999994], [-72.76010920899995, -38.775724650999905], [-72.7600976999999, -38.775505763999945], [-72.75985820299991, -38.775351420999925], [-72.7593512439999, -38.77520569199993], [-72.75800027199995, -38.77522060399991], [-72.75708780799994, -38.77546924099994], [-72.75429109399994, -38.77556877699993], [-72.75479208899992, -38.77408375299996], [-72.75337061899995, -38.77389359299991], [-72.75122731699992, -38.77308070399994], [-72.75129310599993, -38.77292842799994], [-72.75112711999992, -38.77282908899991], [-72.7501329829999, -38.772432342999934]]]}, "properties": {"zona": "910110004", "comuna": "Temuco", "H": [151127, 13511, [38630, 48097, 52323, 58849, 62551, 81982, 86093, 104774, 106150, 108351, 129681, 151127]], "C": [5754, 168, [1953, 1953, 1953, 2624, 2624, 4188, 5108, 5108, 5716, 5716, 5716, 5754]], "E": [11881, 1131, [2490, 2490, 2490, 2490, 2490, 2490, 9306, 9306, 9306, 9306, 9306, 11881]], "S": [319, 0, [319, 319, 319, 319, 319, 319, 319, 319, 319, 319, 319, 319]], "O": [291, 0, [84, 84, 291, 291, 291, 291, 291, 291, 291, 291, 291, 291]], "I": [0, 0, [0, 0, 0, 0, 0, 0, 0, 0, 0, 0, 0, 0]], "T": [169372, 14810, [43476, 52943, 57376, 64573, 68275, 89270, 101117, 119798, 121782, 123983, 145313, 169372]]}}, {"type": "Feature", "geometry": {"type": "Polygon", "coordinates": [[[-72.59450985399991, -38.74316480299996], [-72.59399565899992, -38.741068395999946], [-72.60125503299992, -38.73998150099993], [-72.60223158299993, -38.74050276899993], [-72.60268718099991, -38.74316073999995], [-72.59624660599991, -38.744594735999954], [-72.59582444999995, -38.74296661199992], [-72.59450985399991, -38.74316480299996]]]}, "properties": {"zona": "910101005", "comuna": "Temuco", "H": [98227, 1842, [70751, 77376, 77479, 77656, 77656, 77656, 82739, 82888, 89797, 89882, 89882, 98227]], "C": [53301, 699, [34393, 36060, 43422, 45063, 47618, 49306, 49823, 50606, 51730, 52003, 52451, 53301]], "E": [323, 0, [323, 323, 323, 323, 323, 323, 323, 323, 323, 323, 323, 323]], "S": [772, 0, [772, 772, 772, 772, 772, 772, 772, 772, 772, 772, 772, 772]], "O": [9365, 157, [7177, 7831, 8595, 8595, 8595, 8595, 8595, 8595, 8595, 8806, 9365, 9365]], "I": [2616, 0, [2274, 2274, 2274, 2616, 2616, 2616, 2616, 2616, 2616, 2616, 2616, 2616]], "T": [164604, 2698, [115690, 124636, 132865, 135025, 137580, 139268, 144868, 145800, 153833, 154402, 155409, 164604]]}}, {"type": "Feature", "geometry": {"type": "Polygon", "coordinates": [[[-72.59498885999994, -38.730776989999924], [-72.59542643599991, -38.73054709699994], [-72.59652687599993, -38.73028263599991], [-72.59668760799991, -38.73014152899992], [-72.59615106099994, -38.72761228799993], [-72.59849819599992, -38.726189760999944], [-72.60040957299992, -38.733698412999956], [-72.57999967699993, -38.73684426799991], [-72.58130014599993, -38.73800794999994], [-72.58066458299993, -38.73846118599994], [-72.57705846199991, -38.73528655799993], [-72.57782043599991, -38.73475153299995], [-72.59315788399994, -38.73237899299994], [-72.59273840399993, -38.73084765599992], [-72.59279333399991, -38.7307087609999], [-72.59498885999994, -38.730776989999924]]]}, "properties": {"zona": "910101001", "comuna": "Temuco", "H": [78955, 219, [74143, 74143, 74143, 74143, 74143, 74143, 74143, 74221, 74221, 74294, 78354, 78955]], "C": [103378, 861, [89627, 91918, 93929, 95420, 97093, 98066, 100012, 100281, 100793, 101034, 102265, 103378]], "E": [19647, 130, [12603, 17326, 17326, 17326, 18855, 19173, 19173, 19173, 19173, 19173, 19173, 19647]], "S": [349, 0, [349, 349, 349, 349, 349, 349, 349, 349, 349, 349, 349, 349]], "O": [27850, 73, [25595, 25595, 25843, 26657, 27216, 27216, 27660, 27660, 27660, 27660, 27832, 27850]], "I": [5464, 0, [5464, 5464, 5464, 5464, 5464, 5464, 5464, 5464, 5464, 5464, 5464, 5464]], "T": [235643, 1283, [207781, 214795, 217054, 219359, 223120, 224411, 226801, 227148, 227660, 227974, 233437, 235643]]}}, {"type": "Feature", "geometry": {"type": "Polygon", "coordinates": [[[-72.59399565899992, -38.741068395999946], [-72.59254377199994, -38.735372268999924], [-72.59189501299994, -38.73501089799993], [-72.60040957299992, -38.733698412999956], [-72.6012049869999, -38.736951517999955], [-72.60328242699995, -38.736614422999935], [-72.60488736699995, -38.740491671999905], [-72.60229854199991, -38.74088769499991], [-72.60223158299993, -38.74050276899993], [-72.60125503299992, -38.73998150099993], [-72.59399565899992, -38.741068395999946]]]}, "properties": {"zona": "910101002", "comuna": "Temuco", "H": [184946, 4550, [110166, 110354, 131674, 138463, 153824, 161190, 161190, 166884, 173525, 173642, 176968, 184946]], "C": [64306, 1194, [47058, 47415, 49967, 50534, 51736, 53163, 55193, 55839, 56456, 57076, 62410, 64306]], "E": [65842, 97, [58738, 64288, 65041, 65453, 65453, 65453, 65453, 65453, 65453, 65453, 65453, 65842]], "S": [40609, 86, [40009, 40009, 40009, 40009, 40009, 40009, 40009, 40009, 40609, 40609, 40609, 40609]], "O": [27219, 97, [23397, 23556, 24251, 24251, 24251, 26466, 26844, 26844, 27035, 27035, 27219, 27219]], "I": [850, 0, [850, 850, 850, 850, 850, 850, 850, 850, 850, 850, 850, 850]], "T": [383772, 6024, [280218, 286472, 311792, 319560, 336123, 347131, 349539, 355879, 363928, 364665, 373509, 383772]]}}, {"type": "Feature", "geometry": {"type": "Polygon", "coordinates": [[[-72.55113038499991, -38.719356261999906], [-72.54976152899991, -38.71837217399991], [-72.54917228099993, -38.71749428599992], [-72.54904131399991, -38.71712603099991], [-72.54930613099992, -38.71668669099995], [-72.54999115599992, -38.71476602599995], [-72.55063558499995, -38.713707374999956], [-72.55108822799991, -38.71214646799996], [-72.55151304199995, -38.71173829899993], [-72.55201655299993, -38.71145079699994], [-72.55530798399991, -38.716173890999926], [-72.55466504499992, -38.716531964999945], [-72.55324153399994, -38.71797638599992], [-72.5535793009999, -38.71887076099995], [-72.55113038499991, -38.719356261999906]]]}, "properties": {"zona": "910105007", "comuna": "Temuco", "H": [43933, 614, [36472, 37367, 39096, 39824, 39824, 40736, 40736, 40994, 41859, 42804, 43382, 43933]], "C": [183, 0, [183, 183, 183, 183, 183, 183, 183, 183, 183, 183, 183, 183]], "E": [540, 39, [0, 0, 0, 0, 0, 0, 540, 540, 540, 540, 540, 540]], "S": [0, 0, [0, 0, 0, 0, 0, 0, 0, 0, 0, 0, 0, 0]], "O": [0, 0, [0, 0, 0, 0, 0, 0, 0, 0, 0, 0, 0, 0]], "I": [0, 0, [0, 0, 0, 0, 0, 0, 0, 0, 0, 0, 0, 0]], "T": [44656, 653, [36655, 37550, 39279, 40007, 40007, 40919, 41459, 41717, 42582, 43527, 44105, 44656]]}}, {"type": "Feature", "geometry": {"type": "Polygon", "coordinates": [[[-72.55160580299992, -38.7039017429999], [-72.55245511299995, -38.705055741999956], [-72.55238562099993, -38.70526881099994], [-72.54195939999994, -38.69583870999992], [-72.53965702399995, -38.69404847099992], [-72.53784331399993, -38.69285653399993], [-72.53629549499993, -38.69146822499994], [-72.53464075699992, -38.69022510599996], [-72.53173796399994, -38.697300026999926], [-72.51686373299992, -38.68982953799991], [-72.51780390899995, -38.68782130799991], [-72.51809151799995, -38.68781571399995], [-72.51840172599992, -38.6875882569999], [-72.51957018799993, -38.68780029599992], [-72.52046281199995, -38.687623223999935], [-72.52147241199992, -38.68767974499991], [-72.5221863349999, -38.68797573599994], [-72.52416290999992, -38.68791815399993], [-72.52425478399994, -38.68802943499992], [-72.52548412499993, -38.688139220999915], [-72.52636335599993, -38.68850743299993], [-72.52650567199993, -38.688389428999926], [-72.5271026989999, -38.688640827999905], [-72.52752050799995, -38.688442436999935], [-72.52887629799994, -38.68842155599992], [-72.5297788499999, -38.688814548999915], [-72.53018669999994, -38.6886339589999], [-72.53050014299993, -38.68864959199993], [-72.53079415999991, -38.68885402399991], [-72.53110092299994, -38.689419123999926], [-72.53131168599992, -38.689495655999906], [-72.53147466699994, -38.68949909799994], [-72.53175919299991, -38.68924832199991], [-72.53231555499991, -38.68831196799994], [-72.54065772299992, -38.69456500599995], [-72.54202760399994, -38.695683413999916], [-72.55009596499991, -38.70302254399991], [-72.55160580299992, -38.7039017429999]]]}, "properties": {"zona": "910112001", "comuna": "Temuco", "H": [68216, 368, [43603, 50872, 58572, 65317, 65317, 65317, 65317, 65540, 65701, 67144, 67490, 68216]], "C": [52066, 10758, [0, 0, 2791, 2791, 2791, 2791, 2791, 2791, 2791, 2791, 46489, 52066]], "E": [0, 0, [0, 0, 0, 0, 0, 0, 0, 0, 0, 0, 0, 0]], "S": [0, 0, [0, 0, 0, 0, 0, 0, 0, 0, 0, 0, 0, 0]], "O": [0, 0, [0, 0, 0, 0, 0, 0, 0, 0, 0, 0, 0, 0]], "I": [0, 0, [0, 0, 0, 0, 0, 0, 0, 0, 0, 0, 0, 0]], "T": [120282, 11126, [43603, 50872, 61363, 68108, 68108, 68108, 68108, 68331, 68492, 69935, 113979, 120282]]}}, {"type": "Feature", "geometry": {"type": "Polygon", "coordinates": [[[-72.54202760399994, -38.695683413999916], [-72.54410934999993, -38.69505838099991], [-72.54656174999991, -38.69493882899991], [-72.54720016499994, -38.69529226399993], [-72.54860415199994, -38.695081666999954], [-72.54907333799991, -38.69545977799993], [-72.55011239499993, -38.69561078899994], [-72.55070381199994, -38.69612265399991], [-72.55305542399992, -38.69576437299992], [-72.55376245699995, -38.695891798999924], [-72.55394065199994, -38.69603968899992], [-72.55534694499994, -38.695997046999935], [-72.55617466599995, -38.69635672499993], [-72.55627798699993, -38.69653007499994], [-72.55598248399991, -38.69716811299992], [-72.55613527199995, -38.6975136879999], [-72.55702331999993, -38.698235036999904], [-72.55723170699991, -38.69875347199991], [-72.55372004299994, -38.70142564199995], [-72.55414281999992, -38.702060428999914], [-72.55210182399992, -38.70256453499991], [-72.55304012199991, -38.70336715099995], [-72.55394667699994, -38.70385870399991], [-72.55469114599993, -38.7038736529999], [-72.55551668899994, -38.70416167499991], [-72.5561407639999, -38.704247797999926], [-72.55869568599991, -38.70511714599991], [-72.56178488799992, -38.70646698299993], [-72.56229778199992, -38.70699474699995], [-72.5624595569999, -38.7075570529999], [-72.56324092199992, -38.70836063999991], [-72.56530822299993, -38.70992733199995], [-72.56575678299993, -38.71013832099993], [-72.5660828899999, -38.710101504999955], [-72.5662443029999, -38.7096992349999], [-72.56609231499993, -38.70910006199995], [-72.56573172999992, -38.708622943999956], [-72.56580153399995, -38.708355395999945], [-72.56894512699995, -38.70782262799992], [-72.56900808699993, -38.70798753899993], [-72.5699641189999, -38.70761956799993], [-72.57054349299995, -38.70918367999991], [-72.5684330009999, -38.710287029999904], [-72.56823576499994, -38.710423643999945], [-72.56819427499994, -38.71060382299993], [-72.56848603599991, -38.71147975799994], [-72.57054280799991, -38.715651485999956], [-72.57035352499992, -38.71605010899992], [-72.57033600599993, -38.716610578999905], [-72.57010818999993, -38.7169057399999], [-72.56994236699995, -38.716921261999914], [-72.56967553899995, -38.717377093999914], [-72.5708183079999, -38.71872097799991], [-72.57146887499994, -38.7191194209999], [-72.57411362899995, -38.720262233999904], [-72.57514068499995, -38.72082068399993], [-72.57614874599994, -38.7211094619999], [-72.57450196199994, -38.72521527199996], [-72.57404770799991, -38.72538708899992], [-72.5727904609999, -38.724010354999905], [-72.5729542229999, -38.72404060699995], [-72.57275658099991, -38.723852578999924], [-72.55238562099993, -38.70526881099994], [-72.55245511299995, -38.705055741999956], [-72.55160580299992, -38.7039017429999], [-72.55009596499991, -38.70302254399991], [-72.54202760399994, -38.695683413999916]]]}, "properties": {"zona": "910107002", "comuna": "Temuco", "H": [157112, 5402, [63731, 73432, 79755, 95658, 97998, 120656, 125637, 131489, 148786, 150137, 156558, 157112]], "C": [68824, 1495, [41535, 42459, 42459, 44145, 44145, 47353, 60848, 61135, 64786, 68824, 68824, 68824]], "E": [5331, 12, [4984, 4984, 4984, 4984, 4984, 5331, 5331, 5331, 5331, 5331, 5331, 5331]], "S": [0, 0, [0, 0, 0, 0, 0, 0, 0, 0, 0, 0, 0, 0]], "O": [9749, 35, [8536, 8536, 8844, 8982, 8982, 9708, 9708, 9708, 9708, 9708, 9749, 9749]], "I": [9040, 0, [2094, 2094, 9040, 9040, 9040, 9040, 9040, 9040, 9040, 9040, 9040, 9040]], "T": [250056, 6944, [120880, 131505, 145082, 162809, 165149, 192088, 210564, 216703, 237651, 243040, 249502, 250056]]}}, {"type": "Feature", "geometry": {"type": "Polygon", "coordinates": [[[-72.64607431399992, -38.75126678899994], [-72.63706399999995, -38.74929780299993], [-72.63460867299995, -38.74591749099994], [-72.63355250299992, -38.744827106999935], [-72.63137814599992, -38.74288731199994], [-72.6283552669999, -38.734964249999905], [-72.63221497399991, -38.734078016999945], [-72.63282684399991, -38.733853652999926], [-72.63507515899994, -38.73981571599995], [-72.63536836599991, -38.74091526099994], [-72.63636096399995, -38.74349732399992], [-72.63623891999993, -38.743562408999935], [-72.63644077499993, -38.74409268599993], [-72.63819548999993, -38.744740856999954], [-72.64000524499994, -38.74518180399991], [-72.64646179599993, -38.74812122399993], [-72.64620169699992, -38.74873514799992], [-72.64601166699993, -38.74961573699994], [-72.64607431399992, -38.75126678899994]]]}, "properties": {"zona": "910118004", "comuna": "Temuco", "H": [190770, 5265, [138705, 147688, 150182, 151949, 152520, 153489, 154346, 155629, 169785, 177271, 189379, 190770]], "C": [27748, 1050, [13644, 13644, 13644, 14387, 15463, 15654, 15863, 17699, 17877, 24893, 27550, 27748]], "E": [5961, 645, [1448, 1448, 1448, 1448, 1448, 1448, 1448, 1448, 5961, 5961, 5961, 5961]], "S": [0, 0, [0, 0, 0, 0, 0, 0, 0, 0, 0, 0, 0, 0]], "O": [820, 0, [656, 682, 682, 682, 820, 820, 820, 820, 820, 820, 820, 820]], "I": [0, 0, [0, 0, 0, 0, 0, 0, 0, 0, 0, 0, 0, 0]], "T": [225299, 6960, [154453, 163462, 165956, 168466, 170251, 171411, 172477, 175596, 194443, 208945, 223710, 225299]]}}, {"type": "Feature", "geometry": {"type": "Polygon", "coordinates": [[[-72.7606316049999, -38.76812425599991], [-72.76068989999993, -38.76699497199991], [-72.76245472499994, -38.76714646799991], [-72.76731176099992, -38.768087856999955], [-72.76953170399992, -38.76813569199993], [-72.76898223899991, -38.770465422999905], [-72.76819515799991, -38.77086440399995], [-72.76934488499995, -38.77102138799995], [-72.76987782599991, -38.77166874399995], [-72.77054457399993, -38.772067739999954], [-72.77098465899991, -38.77259299399992], [-72.7711508189999, -38.7729656809999], [-72.77136879099993, -38.773086071999955], [-72.7723201419999, -38.7728378029999], [-72.77318656099993, -38.772958745999915], [-72.77361617999992, -38.77360024299992], [-72.77348692399994, -38.774753776999944], [-72.77322810399994, -38.774966064999944], [-72.7729227769999, -38.774733484999956], [-72.77208723899992, -38.774559250999914], [-72.77115449099995, -38.77457828699994], [-72.77050509599991, -38.77472183799995], [-72.7691355849999, -38.77531344199991], [-72.76885652999994, -38.77521759199993], [-72.76868286799993, -38.774579727999935], [-72.76847080199991, -38.77425292299995], [-72.76788574299991, -38.77402155699991], [-72.7653473819999, -38.77390445299994], [-72.76510399199992, -38.773192054999924], [-72.76494950799992, -38.77319765999994], [-72.76489059799991, -38.774290494999946], [-72.76297178699991, -38.774121761999936], [-72.76292268199995, -38.77427682699994], [-72.76276204699991, -38.77420892899994], [-72.76175922599992, -38.77324589199992], [-72.7610373519999, -38.77316053099992], [-72.76120572199994, -38.77145387899992], [-72.76117160799993, -38.770423114999915], [-72.7608025639999, -38.77026758699992], [-72.76077598199993, -38.76903729399993], [-72.7606316049999, -38.76812425599991]]]}, "properties": {"zona": "910110009", "comuna": "Temuco", "H": [95803, 2867, [48511, 51740, 62979, 67665, 68128, 69880, 76535, 85490, 87085, 92009, 92947, 95803]], "C": [404, 33, [173, 173, 173, 173, 173, 173, 173, 173, 404, 404, 404, 404]], "E": [1221, 0, [534, 921, 921, 1221, 1221, 1221, 1221, 1221, 1221, 1221, 1221, 1221]], "S": [0, 0, [0, 0, 0, 0, 0, 0, 0, 0, 0, 0, 0, 0]], "O": [0, 0, [0, 0, 0, 0, 0, 0, 0, 0, 0, 0, 0, 0]], "I": [0, 0, [0, 0, 0, 0, 0, 0, 0, 0, 0, 0, 0, 0]], "T": [97428, 2900, [49218, 52834, 64073, 69059, 69522, 71274, 77929, 86884, 88710, 93634, 94572, 97428]]}}, {"type": "Feature", "geometry": {"type": "Polygon", "coordinates": [[[-72.54589798699993, -38.70737880999991], [-72.5468121259999, -38.70610183799994], [-72.5484307509999, -38.706788392999954], [-72.5480808449999, -38.70640978299991], [-72.54819042399993, -38.706264949999934], [-72.54926129299992, -38.707503094999936], [-72.55201655299993, -38.71145079699994], [-72.55151304199995, -38.71173829899993], [-72.55108822799991, -38.71214646799996], [-72.55063558499995, -38.713707374999956], [-72.54998334599992, -38.71478539299994], [-72.54946121199993, -38.71438500399995], [-72.54918242899993, -38.713818303999915], [-72.54896822299992, -38.711587978999944], [-72.54685790199994, -38.7110967399999], [-72.54435274499991, -38.709650179999926], [-72.54544710999994, -38.70838224599993], [-72.5457377219999, -38.7081837689999], [-72.54530421299995, -38.70782850299992], [-72.54589798699993, -38.70737880999991]]]}, "properties": {"zona": "910112003", "comuna": "Temuco", "H": [65627, 1228, [48959, 49727, 53136, 57456, 58664, 58894, 59087, 59858, 61041, 63235, 64212, 65627]], "C": [142, 30, [0, 0, 0, 0, 0, 0, 0, 0, 0, 0, 142, 142]], "E": [398, 0, [398, 398, 398, 398, 398, 398, 398, 398, 398, 398, 398, 398]], "S": [0, 0, [0, 0, 0, 0, 0, 0, 0, 0, 0, 0, 0, 0]], "O": [0, 0, [0, 0, 0, 0, 0, 0, 0, 0, 0, 0, 0, 0]], "I": [0, 0, [0, 0, 0, 0, 0, 0, 0, 0, 0, 0, 0, 0]], "T": [66167, 1258, [49357, 50125, 53534, 57854, 59062, 59292, 59485, 60256, 61439, 63633, 64752, 66167]]}}, {"type": "Feature", "geometry": {"type": "Polygon", "coordinates": [[[-72.63873739899992, -38.75335987099993], [-72.63706399999995, -38.74929780299993], [-72.64611947599991, -38.751277074999905], [-72.64634155399995, -38.751622228999906], [-72.6468691039999, -38.753078832999904], [-72.64682605699994, -38.753339239999946], [-72.64660279299994, -38.75357069899991], [-72.64789697299994, -38.753997728999934], [-72.64833098699995, -38.75408434099995], [-72.64886398599992, -38.754031040999905], [-72.64979578299995, -38.75447266899994], [-72.65074306199995, -38.754654574999904], [-72.65101953499993, -38.75706200299993], [-72.64714373899994, -38.75683833699992], [-72.64719428299992, -38.75721507399993], [-72.64709550999993, -38.75720937099993], [-72.64117346299992, -38.75678874999994], [-72.63937778299993, -38.75632881599995], [-72.63938633899994, -38.756013469999914], [-72.63951416599991, -38.75604679499992], [-72.63909640399993, -38.7550056149999], [-72.63873739899992, -38.75335987099993]]]}, "properties": {"zona": "910110001", "comuna": "Temuco", "H": [135002, 1050, [119820, 120059, 121830, 128516, 129324, 129324, 129438, 130062, 130988, 132509, 133972, 135002]], "C": [1990, 53, [1233, 1430, 1430, 1570, 1718, 1718, 1718, 1718, 1718, 1871, 1990, 1990]], "E": [2021, 0, [2021, 2021, 2021, 2021, 2021, 2021, 2021, 2021, 2021, 2021, 2021, 2021]], "S": [0, 0, [0, 0, 0, 0, 0, 0, 0, 0, 0, 0, 0, 0]], "O": [0, 0, [0, 0, 0, 0, 0, 0, 0, 0, 0, 0, 0, 0]], "I": [10497, 0, [106, 106, 106, 106, 10497, 10497, 10497, 10497, 10497, 10497, 10497, 10497]], "T": [149510, 1103, [123180, 123616, 125387, 132213, 143560, 143560, 143674, 144298, 145224, 146898, 148480, 149510]]}}, {"type": "Feature", "geometry": {"type": "Polygon", "coordinates": [[[-72.63598954199995, -38.733379579999905], [-72.64136589599991, -38.73212636599993], [-72.64218035399995, -38.73170611099994], [-72.6429385049999, -38.732600256999945], [-72.64184312799995, -38.7328132799999], [-72.64212369299992, -38.732965091999915], [-72.64241833999995, -38.733642920999955], [-72.64280524899993, -38.73388805499991], [-72.64363802899993, -38.73381295199994], [-72.64459734299993, -38.73392342099993], [-72.6450459799999, -38.734292558999925], [-72.64628860099992, -38.736480755999935], [-72.64531471499993, -38.73646726699991], [-72.64449448199991, -38.736296592999906], [-72.64441892199994, -38.7366718209999], [-72.64536059599993, -38.73685298299995], [-72.64516818599992, -38.73738628199993], [-72.64420040499994, -38.73721703099994], [-72.64362419699995, -38.73767763799992], [-72.64279320299994, -38.73792070499991], [-72.64092762299993, -38.73883137899992], [-72.63532998999995, -38.74076721799992], [-72.63507515899994, -38.73981571599995], [-72.63282684399991, -38.733853652999926], [-72.63598954199995, -38.733379579999905]]]}, "properties": {"zona": "910118006", "comuna": "Temuco", "H": [120059, 456, [113758, 113965, 114970, 115616, 115872, 115872, 115872, 116428, 116730, 117574, 117986, 120059]], "C": [38392, 403, [34152, 34908, 35228, 35490, 35490, 35756, 36011, 36250, 36250, 36880, 37787, 38392]], "E": [8292, 819, [453, 453, 453, 453, 453, 453, 1048, 8292, 8292, 8292, 8292, 8292]], "S": [0, 0, [0, 0, 0, 0, 0, 0, 0, 0, 0, 0, 0, 0]], "O": [1799, 33, [1454, 1454, 1454, 1454, 1613, 1613, 1613, 1613, 1613, 1799, 1799, 1799]], "I": [0, 0, [0, 0, 0, 0, 0, 0, 0, 0, 0, 0, 0, 0]], "T": [168542, 1711, [149817, 150780, 152105, 153013, 153428, 153694, 154544, 162583, 162885, 164545, 165864, 168542]]}}, {"type": "Feature", "geometry": {"type": "Polygon", "coordinates": [[[-72.64441892199994, -38.7366718209999], [-72.64449448199991, -38.736296592999906], [-72.64531471499993, -38.73646726699991], [-72.64628860099992, -38.736480755999935], [-72.64638548199991, -38.73667519599991], [-72.64663397699991, -38.736706435999906], [-72.6482676359999, -38.73660812499992], [-72.64861220799992, -38.73680226599993], [-72.6490005629999, -38.73725281499992], [-72.64970202599994, -38.73758042299994], [-72.65031204199994, -38.73807284499992], [-72.65121624099993, -38.73837176099994], [-72.6516678189999, -38.73867520099992], [-72.65163314099993, -38.73951538299991], [-72.65106199199994, -38.74029669099991], [-72.64990833599995, -38.74146352199995], [-72.64899303499993, -38.74271853999994], [-72.6486468789999, -38.74403029799993], [-72.64894005199994, -38.74402683499994], [-72.64818061699992, -38.74611731099992], [-72.64669939299995, -38.74822131099995], [-72.64000524499994, -38.74518180399991], [-72.63819548999993, -38.744740856999954], [-72.63644077499993, -38.74409268599993], [-72.63623891999993, -38.743562408999935], [-72.63636096399995, -38.74349732399992], [-72.63532998999995, -38.74076721799992], [-72.64092762299993, -38.73883137899992], [-72.64279320299994, -38.73792070499991], [-72.64362419699995, -38.73767763799992], [-72.64420040499994, -38.73721703099994], [-72.64516818599992, -38.73738628199993], [-72.64536059599993, -38.73685298299995], [-72.64441892199994, -38.7366718209999]]]}, "properties": {"zona": "910118001", "comuna": "Temuco", "H": [230659, 2407, [176665, 185483, 187095, 196125, 197263, 197500, 197500, 212371, 213966, 213966, 230412, 230659]], "C": [57873, 1807, [155, 4100, 12185, 12185, 12185, 12185, 12185, 23652, 24181, 24830, 57873, 57873]], "E": [18654, 2611, [0, 0, 7790, 8209, 8209, 8209, 8209, 8209, 8209, 8209, 8209, 18654]], "S": [459, 33, [0, 0, 0, 0, 0, 0, 459, 459, 459, 459, 459, 459]], "O": [230, 2, [196, 196, 196, 216, 216, 216, 216, 230, 230, 230, 230, 230]], "I": [0, 0, [0, 0, 0, 0, 0, 0, 0, 0, 0, 0, 0, 0]], "T": [307875, 6860, [177016, 189779, 207266, 216735, 217873, 218110, 218569, 244921, 247045, 247694, 297183, 307875]]}}, {"type": "Feature", "geometry": {"type": "Polygon", "coordinates": [[[-72.65230308999992, -38.73885460099996], [-72.65277848699992, -38.73864064499992], [-72.65322725699991, -38.73805003699994], [-72.6534850619999, -38.737432379999916], [-72.65383673899993, -38.73710355599991], [-72.65386963999993, -38.736945412999944], [-72.65354185399991, -38.73659176199993], [-72.65364203699994, -38.73639892999995], [-72.6543016299999, -38.73636477999992], [-72.65498287899993, -38.736728813999946], [-72.6554568919999, -38.73680835399995], [-72.65671114399993, -38.739822655999944], [-72.65689434299992, -38.73970689099991], [-72.6570109829999, -38.740226166999946], [-72.65891384399993, -38.74458703999994], [-72.65884900099991, -38.74469921399992], [-72.65808878599995, -38.744905882999944], [-72.6579993599999, -38.74512977699993], [-72.65937410899994, -38.74864974299993], [-72.65987849699991, -38.750274015999935], [-72.66430140299991, -38.749383276999936], [-72.66451643799991, -38.75051986799991], [-72.66488967999993, -38.75111735199994], [-72.66663272499994, -38.75225172599994], [-72.6681583109999, -38.750258335999945], [-72.67021519899993, -38.755415280999955], [-72.66802185299991, -38.75599060099995], [-72.64611947599991, -38.751277074999905], [-72.64601166699993, -38.74961573699994], [-72.64626455899992, -38.748543156999915], [-72.64646179599993, -38.74812122399993], [-72.64669939299995, -38.74822131099995], [-72.64818061699992, -38.74611731099992], [-72.64894005199994, -38.74402683499994], [-72.6486468789999, -38.74403029799993], [-72.64889340399992, -38.74291327299994], [-72.64990833599995, -38.74146352199995], [-72.65106199199994, -38.74029669099991], [-72.65163314099993, -38.73951538299991], [-72.6516678189999, -38.73867520099992], [-72.65230308999992, -38.73885460099996]]]}, "properties": {"zona": "910110002", "comuna": "Temuco", "H": [170509, 9649, [24669, 46090, 67501, 68681, 79439, 89928, 101238, 106622, 140809, 147229, 159983, 170509]], "C": [3655, 868, [56, 56, 56, 56, 150, 150, 195, 195, 195, 195, 195, 3655]], "E": [18, 3, [0, 0, 0, 0, 0, 0, 0, 0, 18, 18, 18, 18]], "S": [0, 0, [0, 0, 0, 0, 0, 0, 0, 0, 0, 0, 0, 0]], "O": [0, 0, [0, 0, 0, 0, 0, 0, 0, 0, 0, 0, 0, 0]], "I": [0, 0, [0, 0, 0, 0, 0, 0, 0, 0, 0, 0, 0, 0]], "T": [174182, 10520, [24725, 46146, 67557, 68737, 79589, 90078, 101433, 106817, 141022, 147442, 160196, 174182]]}}, {"type": "Feature", "geometry": {"type": "Polygon", "coordinates": [[[-72.6505091919999, -38.7110708859999], [-72.65346231899991, -38.710387760999936], [-72.65400727699995, -38.71151474599992], [-72.65419682899994, -38.71233396899993], [-72.65400828899993, -38.71295638899994], [-72.65205502799995, -38.717352225999946], [-72.65220016199993, -38.71794124599995], [-72.65011573599992, -38.71833878299992], [-72.64807306999995, -38.71926776499993], [-72.64427818599995, -38.721456178999915], [-72.64357647399993, -38.72174620099992], [-72.6405609979999, -38.72248375799995], [-72.6369945109999, -38.7226738249999], [-72.63564635599994, -38.722970339999904], [-72.63366892599993, -38.72389919699992], [-72.6319019309999, -38.725097011999935], [-72.6297889619999, -38.72550394399991], [-72.62840795299991, -38.7260101089999], [-72.62764238199992, -38.724962268999946], [-72.62735425799991, -38.72441603099992], [-72.62739544999994, -38.72422378199991], [-72.62879176599995, -38.72351104499995], [-72.6288517779999, -38.72323925699993], [-72.62857936199993, -38.72288500299993], [-72.62986486599993, -38.72241736299992], [-72.62991702699992, -38.72185583399994], [-72.63069800199992, -38.72145821899994], [-72.6311706539999, -38.72169307699994], [-72.63113088499995, -38.72141993199995], [-72.63145421599995, -38.721353688999955], [-72.63170785299991, -38.721070563999945], [-72.6322154909999, -38.721151526999904], [-72.6330086449999, -38.7210531689999], [-72.63362123399992, -38.72130313699995], [-72.63411164099995, -38.72121625099993], [-72.63505429199995, -38.72132861999995], [-72.63505572199995, -38.72084314499995], [-72.63558299399995, -38.720696656999905], [-72.6357983339999, -38.72079185799993], [-72.63587740499992, -38.72098320999993], [-72.63578987699992, -38.72116146099995], [-72.63601769099995, -38.721375036999916], [-72.63692898799991, -38.721111795999946], [-72.63751192899991, -38.72130909599991], [-72.6378011939999, -38.72113600299991], [-72.63785183599992, -38.72096943899993], [-72.6377528729999, -38.720769666999956], [-72.63793294999994, -38.72043388399993], [-72.63924499099994, -38.7206064369999], [-72.63920719499993, -38.72024574599993], [-72.63957366999995, -38.72005043099995], [-72.6398453889999, -38.71939087699991], [-72.64118372899992, -38.7193247589999], [-72.64129617599991, -38.71915184599993], [-72.64096815999994, -38.71873976899991], [-72.64133790799991, -38.718432444999905], [-72.64206520999994, -38.71853773999993], [-72.6422931379999, -38.717948931999956], [-72.64197529199993, -38.71776265999995], [-72.64185653699991, -38.71750808699994], [-72.64214730299994, -38.716912528999956], [-72.64164104399993, -38.716396664999934], [-72.64157967199992, -38.716063763999955], [-72.64171334699995, -38.71588559799994], [-72.64208851099994, -38.71578372599993], [-72.6422020469999, -38.715384952999955], [-72.64270179599993, -38.71520386399993], [-72.64276837699992, -38.71446051999993], [-72.64337822199991, -38.71367875799996], [-72.64390860799995, -38.71335131899991], [-72.64443013599993, -38.713221707999935], [-72.6453295789999, -38.71347315799994], [-72.6468815149999, -38.712813997999945], [-72.64906327099993, -38.71263906199994], [-72.65013593499992, -38.71216012699995], [-72.65049050999994, -38.71163691999993], [-72.6505091919999, -38.7110708859999]]]}, "properties": {"zona": "910119003", "comuna": "Temuco", "H": [179029, 5378, [98093, 98820, 109701, 121056, 121867, 124717, 154965, 161049, 161871, 163516, 164882, 179029]], "C": [10360, 315, [4083, 4083, 4253, 4253, 4253, 4678, 9079, 9271, 9384, 9384, 9478, 10360]], "E": [14572, 437, [3987, 3987, 4537, 4537, 4537, 14131, 14131, 14131, 14131, 14131, 14572, 14572]], "S": [180, 0, [180, 180, 180, 180, 180, 180, 180, 180, 180, 180, 180, 180]], "O": [919, 0, [919, 919, 919, 919, 919, 919, 919, 919, 919, 919, 919, 919]], "I": [0, 0, [0, 0, 0, 0, 0, 0, 0, 0, 0, 0, 0, 0]], "T": [205060, 6130, [107262, 107989, 119590, 130945, 131756, 144625, 179274, 185550, 186485, 188130, 190031, 205060]]}}, {"type": "Feature", "geometry": {"type": "Polygon", "coordinates": [[[-72.62931750799993, -38.75307658799994], [-72.63219860499993, -38.75228049799995], [-72.63334300999992, -38.75215631499992], [-72.63432691699995, -38.751772031999906], [-72.63523301499993, -38.75156359099992], [-72.63577458099991, -38.75152932699996], [-72.63629425499994, -38.75166447999993], [-72.6368263029999, -38.751973809999924], [-72.63742973399991, -38.752535362999936], [-72.63849590399991, -38.752783765999936], [-72.63870875599991, -38.75324029399991], [-72.63909640399993, -38.7550056149999], [-72.63951416599991, -38.75604679499992], [-72.63938633899994, -38.756013469999914], [-72.63937778299993, -38.75632881599995], [-72.63489808799994, -38.755089633999944], [-72.6272279719999, -38.754892412999936], [-72.6273905349999, -38.75330920099992], [-72.62931750799993, -38.75307658799994]]]}, "properties": {"zona": "910117004", "comuna": "Temuco", "H": [74471, 1157, [65988, 65988, 67159, 68297, 68297, 68297, 68297, 68968, 70159, 71855, 73036, 74471]], "C": [3455, 0, [3455, 3455, 3455, 3455, 3455, 3455, 3455, 3455, 3455, 3455, 3455, 3455]], "E": [538, 38, [0, 0, 0, 0, 0, 0, 538, 538, 538, 538, 538, 538]], "S": [0, 0, [0, 0, 0, 0, 0, 0, 0, 0, 0, 0, 0, 0]], "O": [155, 0, [0, 155, 155, 155, 155, 155, 155, 155, 155, 155, 155, 155]], "I": [0, 0, [0, 0, 0, 0, 0, 0, 0, 0, 0, 0, 0, 0]], "T": [78619, 1195, [69443, 69598, 70769, 71907, 71907, 71907, 72445, 73116, 74307, 76003, 77184, 78619]]}}, {"type": "Feature", "geometry": {"type": "Polygon", "coordinates": [[[-72.65220016199993, -38.71794124599995], [-72.65857867599993, -38.71689655799992], [-72.66144113999991, -38.71738876799992], [-72.66502007199995, -38.71729555799993], [-72.6650246449999, -38.71781163999992], [-72.66512099699992, -38.71795694899993], [-72.66786377599993, -38.72044133199995], [-72.66785703699992, -38.72102287899992], [-72.66771160699994, -38.72137756799992], [-72.66556356099994, -38.72301940199992], [-72.66425915499991, -38.72306091199994], [-72.6632678659999, -38.722707717999924], [-72.66282617599995, -38.72271941699995], [-72.6622286249999, -38.72298868699994], [-72.66174212899995, -38.722861003999924], [-72.66130940099993, -38.72288685299992], [-72.65893937399994, -38.72229522999993], [-72.6587444459999, -38.72181711999991], [-72.65833175999995, -38.72166788699991], [-72.65795614099994, -38.72175348099995], [-72.65671623899993, -38.72239577699992], [-72.65644620699993, -38.72242927499991], [-72.65527799099993, -38.72026656799994], [-72.65266236499991, -38.718426637999926], [-72.65220016199993, -38.71794124599995]]]}, "properties": {"zona": "910110003", "comuna": "Temuco", "H": [47687, 3529, [465, 4390, 4390, 8213, 8213, 22598, 22598, 22598, 22598, 24978, 40351, 47687]], "C": [221, 39, [0, 0, 0, 0, 0, 74, 74, 74, 74, 74, 74, 221]], "E": [0, 0, [0, 0, 0, 0, 0, 0, 0, 0, 0, 0, 0, 0]], "S": [0, 0, [0, 0, 0, 0, 0, 0, 0, 0, 0, 0, 0, 0]], "O": [0, 0, [0, 0, 0, 0, 0, 0, 0, 0, 0, 0, 0, 0]], "I": [0, 0, [0, 0, 0, 0, 0, 0, 0, 0, 0, 0, 0, 0]], "T": [47908, 3568, [465, 4390, 4390, 8213, 8213, 22672, 22672, 22672, 22672, 25052, 40425, 47908]]}}, {"type": "Feature", "geometry": {"type": "Polygon", "coordinates": [[[-72.64737928999995, -38.69952699899994], [-72.6472568069999, -38.69924234299992], [-72.64918348299994, -38.698783728999956], [-72.64953195599992, -38.69957111399992], [-72.65004337599993, -38.69949078099995], [-72.65035049399995, -38.700251539999954], [-72.64970768499995, -38.702220721999936], [-72.64933904799994, -38.70263154599991], [-72.64789510899993, -38.70375098599993], [-72.6442132219999, -38.705108769999924], [-72.63886064899992, -38.707911992999925], [-72.63860275099995, -38.70732972299993], [-72.63903105299994, -38.70637317899991], [-72.63931658899992, -38.704424400999926], [-72.63926937799994, -38.70385528299994], [-72.64036230599993, -38.70367283499991], [-72.64031551999994, -38.70338925899995], [-72.64084714599994, -38.703077152999924], [-72.64160755899991, -38.70295810999994], [-72.64219700899991, -38.70258699499993], [-72.64176764699994, -38.70203792099994], [-72.6420512979999, -38.70192764899991], [-72.64175747399992, -38.7014216579999], [-72.6417188719999, -38.70093433099993], [-72.64391780199992, -38.700424942999916], [-72.6468954259999, -38.70014827299991], [-72.64686617399991, -38.699905421999915], [-72.6472930349999, -38.699489110999934], [-72.64737928999995, -38.69952699899994]]]}, "properties": {"zona": "910114005", "comuna": "Temuco", "H": [11267, 229, [6339, 6432, 8539, 8738, 8849, 9426, 9959, 10591, 11091, 11267, 11267, 11267]], "C": [1226, 0, [132, 132, 968, 968, 1226, 1226, 1226, 1226, 1226, 1226, 1226, 1226]], "E": [8527, 968, [2782, 2782, 2782, 2782, 2782, 2782, 2782, 2782, 4390, 8527, 8527, 8527]], "S": [0, 0, [0, 0, 0, 0, 0, 0, 0, 0, 0, 0, 0, 0]], "O": [0, 0, [0, 0, 0, 0, 0, 0, 0, 0, 0, 0, 0, 0]], "I": [5573, 626, [1192, 1192, 1192, 1192, 1192, 1192, 1192, 1192, 5573, 5573, 5573, 5573]], "T": [26593, 1823, [10445, 10538, 13481, 13680, 14049, 14626, 15159, 15791, 22280, 26593, 26593, 26593]]}}, {"type": "Feature", "geometry": {"type": "Polygon", "coordinates": [[[-72.67723789399992, -38.761578390999944], [-72.67773372399995, -38.76135165499994], [-72.67844944599995, -38.76153728299994], [-72.67804008399992, -38.76194334499991], [-72.67861202799992, -38.76268447699994], [-72.67990534599994, -38.76241118899992], [-72.68158945999994, -38.766754489999926], [-72.68232260799994, -38.766633165999906], [-72.68269581499993, -38.766431919999945], [-72.68260818499994, -38.76712464499991], [-72.68210719299992, -38.767948384999954], [-72.6812411869999, -38.76851194099993], [-72.6800559479999, -38.76875297599992], [-72.68134856699993, -38.76945757099992], [-72.68266420499992, -38.76876381699992], [-72.68341852999993, -38.767924544999914], [-72.6842046399999, -38.76797704899991], [-72.6843769379999, -38.767800207999926], [-72.68483767399994, -38.76800114099996], [-72.68435465699991, -38.768919944999936], [-72.68349383599991, -38.7700476089999], [-72.68266734699995, -38.77006745099993], [-72.68130505799991, -38.76970666799991], [-72.68024248799992, -38.76919352899995], [-72.67943670499994, -38.76855023699994], [-72.67829477299995, -38.76911247399994], [-72.67615654399992, -38.76754030399991], [-72.67473091199992, -38.766097517999924], [-72.67433855099995, -38.76544646599996], [-72.67417462999992, -38.76491014299995], [-72.67525330099994, -38.76487965799993], [-72.67521232399992, -38.76448851999993], [-72.67671176199991, -38.764674345999936], [-72.67585153399995, -38.76153429499993], [-72.67723789399992, -38.761578390999944]]]}, "properties": {"zona": "910110010", "comuna": "Temuco", "H": [55031, 6158, [0, 6190, 12240, 12240, 12240, 18156, 18156, 28736, 32558, 48016, 54946, 55031]], "C": [186, 33, [0, 0, 0, 0, 0, 0, 0, 0, 0, 186, 186, 186]], "E": [0, 0, [0, 0, 0, 0, 0, 0, 0, 0, 0, 0, 0, 0]], "S": [0, 0, [0, 0, 0, 0, 0, 0, 0, 0, 0, 0, 0, 0]], "O": [0, 0, [0, 0, 0, 0, 0, 0, 0, 0, 0, 0, 0, 0]], "I": [0, 0, [0, 0, 0, 0, 0, 0, 0, 0, 0, 0, 0, 0]], "T": [55217, 6191, [0, 6190, 12240, 12240, 12240, 18156, 18156, 28736, 32558, 48202, 55132, 55217]]}}, {"type": "Feature", "geometry": {"type": "Polygon", "coordinates": [[[-72.60651668399993, -38.75384037899994], [-72.60643745099992, -38.75373489099991], [-72.60389787899993, -38.742985596999915], [-72.60572809899992, -38.742891571999905], [-72.60887730699994, -38.7451851589999], [-72.60913622599992, -38.745528334999904], [-72.60915502799992, -38.74584229799996], [-72.6092806449999, -38.745859511999925], [-72.6093851949999, -38.75536151099993], [-72.60925587699995, -38.7543584629999], [-72.60885368499993, -38.753919337999946], [-72.60804429699994, -38.753747483999916], [-72.60651668399993, -38.75384037899994]]]}, "properties": {"zona": "910116003", "comuna": "Temuco", "H": [46665, 405, [43488, 43541, 43904, 44433, 44493, 44493, 44493, 44493, 45094, 45954, 46287, 46665]], "C": [35578, 132, [33513, 33513, 34050, 34394, 34394, 35058, 35058, 35058, 35058, 35149, 35578, 35578]], "E": [4157, 163, [3398, 3398, 3398, 3398, 3398, 3398, 3398, 3398, 3398, 3398, 4157, 4157]], "S": [0, 0, [0, 0, 0, 0, 0, 0, 0, 0, 0, 0, 0, 0]], "O": [3103, 76, [2431, 2431, 2431, 2686, 2686, 2686, 2686, 2686, 2876, 2876, 3103, 3103]], "I": [0, 0, [0, 0, 0, 0, 0, 0, 0, 0, 0, 0, 0, 0]], "T": [89503, 776, [82830, 82883, 83783, 84911, 84971, 85635, 85635, 85635, 86426, 87377, 89125, 89503]]}}, {"type": "Feature", "geometry": {"type": "Polygon", "coordinates": [[[-72.57456844699993, -38.74822063999994], [-72.57470766499995, -38.74754146399994], [-72.5751378729999, -38.74790344199994], [-72.57575536399992, -38.748202962999926], [-72.57727258199992, -38.74827108399995], [-72.5780033069999, -38.74856000799991], [-72.57825452399993, -38.748457430999906], [-72.57975246399991, -38.74906052299991], [-72.58056854299991, -38.7492663349999], [-72.58164437599993, -38.749344170999905], [-72.58640534699992, -38.749003312999946], [-72.58815565799995, -38.74955158899991], [-72.58795360199991, -38.75116117999994], [-72.5881171499999, -38.751756376999936], [-72.58847797399994, -38.75243250999995], [-72.5888373759999, -38.7528797569999], [-72.58915043099995, -38.75294971899996], [-72.58949575299994, -38.753318004999926], [-72.58985839199994, -38.754000893999944], [-72.5915611019999, -38.755421423999906], [-72.59167005599994, -38.75565163899995], [-72.59083897199991, -38.75632035399991], [-72.59074199799994, -38.75629788799995], [-72.58870633399994, -38.75370104299992], [-72.58789048999995, -38.753069973999914], [-72.58678478699994, -38.751330734999954], [-72.5862140509999, -38.75083240399994], [-72.58554156699995, -38.750494147999916], [-72.58337600099992, -38.75009798099995], [-72.57980078299994, -38.74979773599995], [-72.57846356999994, -38.74914323899992], [-72.57623759699993, -38.7488321859999], [-72.57456844699993, -38.74822063999994]]]}, "properties": {"zona": "911204006", "comuna": "Padre Las Casas", "H": [6792, 31, [6328, 6328, 6328, 6398, 6398, 6633, 6633, 6633, 6792, 6792, 6792, 6792]], "C": [948, 0, [948, 948, 948, 948, 948, 948, 948, 948, 948, 948, 948, 948]], "E": [3338, 238, [0, 0, 0, 0, 0, 0, 3338, 3338, 3338, 3338, 3338, 3338]], "S": [0, 0, [0, 0, 0, 0, 0, 0, 0, 0, 0, 0, 0, 0]], "O": [70, 0, [70, 70, 70, 70, 70, 70, 70, 70, 70, 70, 70, 70]], "I": [924, 0, [924, 924, 924, 924, 924, 924, 924, 924, 924, 924, 924, 924]], "T": [12072, 269, [8270, 8270, 8270, 8340, 8340, 8575, 11913, 11913, 12072, 12072, 12072, 12072]]}}, {"type": "Feature", "geometry": {"type": "Polygon", "coordinates": [[[-72.58795360199991, -38.75116117999994], [-72.58806457499992, -38.75031577499993], [-72.5889453769999, -38.75032355899992], [-72.59023385299992, -38.75082775699991], [-72.5911397989999, -38.75093442199994], [-72.5915359999999, -38.75108503599995], [-72.59309873299992, -38.75186717899993], [-72.59316922499994, -38.75215771299992], [-72.59433184099993, -38.75274725399993], [-72.59696523299993, -38.754471001999946], [-72.59821122099993, -38.75512925299995], [-72.6021484549999, -38.75674980799994], [-72.6026073139999, -38.75678855299992], [-72.60344629899993, -38.75730013899994], [-72.60565780999991, -38.75789013399992], [-72.60590481199995, -38.75818427799993], [-72.60453778199991, -38.75813771199995], [-72.6071133179999, -38.75852744799994], [-72.60941336099995, -38.75852479699995], [-72.60945787399993, -38.7633926659999], [-72.6093200979999, -38.76487513299992], [-72.60800203199994, -38.76440469699992], [-72.6068017739999, -38.763360923999926], [-72.59260529199992, -38.754731413999934], [-72.59068655399994, -38.75384795699995], [-72.58991430999993, -38.753274194999904], [-72.58931270099993, -38.75319384099993], [-72.58915043099995, -38.75294971899996], [-72.58896286599992, -38.752950288999955], [-72.58866085499994, -38.752697321999904], [-72.5882453879999, -38.752016484999956], [-72.58795360199991, -38.75116117999994]]]}, "properties": {"zona": "911204001", "comuna": "Padre Las Casas", "H": [39008, 422, [34400, 34609, 34982, 35137, 35986, 36135, 37023, 37237, 37836, 38314, 38715, 39008]], "C": [25112, 1567, [16040, 16040, 16040, 16040, 16040, 16040, 16040, 16040, 17528, 25112, 25112, 25112]], "E": [0, 0, [0, 0, 0, 0, 0, 0, 0, 0, 0, 0, 0, 0]], "S": [0, 0, [0, 0, 0, 0, 0, 0, 0, 0, 0, 0, 0, 0]], "O": [2700, 0, [2700, 2700, 2700, 2700, 2700, 2700, 2700, 2700, 2700, 2700, 2700, 2700]], "I": [19901, 0, [16415, 16415, 16415, 16415, 19901, 19901, 19901, 19901, 19901, 19901, 19901, 19901]], "T": [86721, 1989, [69555, 69764, 70137, 70292, 74627, 74776, 75664, 75878, 77965, 86027, 86428, 86721]]}}, {"type": "Feature", "geometry": {"type": "Polygon", "coordinates": [[[-72.58936856999992, -38.7532288349999], [-72.58991430999993, -38.753274194999904], [-72.59068655399994, -38.75384795699995], [-72.59260529199992, -38.754731413999934], [-72.60019422599993, -38.759360639999954], [-72.59950711099992, -38.760143341999935], [-72.59752557899992, -38.75922413099994], [-72.5950733709999, -38.76203470699994], [-72.5940693309999, -38.76163525299995], [-72.5911427019999, -38.76103884399993], [-72.5908899879999, -38.761794977999955], [-72.59083688899995, -38.76257824399994], [-72.5900512579999, -38.76275976499994], [-72.58822773299994, -38.75766302199992], [-72.59025577599994, -38.758284155999945], [-72.58995145699993, -38.756856161999906], [-72.59075734299995, -38.75639525699995], [-72.59162501299994, -38.75572452499995], [-72.59169838399993, -38.75554880599992], [-72.58985839199994, -38.754000893999944], [-72.58936856999992, -38.7532288349999]]]}, "properties": {"zona": "911204004", "comuna": "Padre Las Casas", "H": [41165, 248, [34207, 34386, 34583, 34860, 35299, 39165, 39818, 40212, 40939, 41004, 41165, 41165]], "C": [19013, 342, [12039, 12505, 13855, 14050, 14849, 15205, 15387, 17496, 17496, 18761, 19013, 19013]], "E": [28469, 119, [24809, 24809, 25964, 25964, 26809, 26809, 28469, 28469, 28469, 28469, 28469, 28469]], "S": [1781, 0, [1119, 1119, 1781, 1781, 1781, 1781, 1781, 1781, 1781, 1781, 1781, 1781]], "O": [2685, 0, [2520, 2520, 2685, 2685, 2685, 2685, 2685, 2685, 2685, 2685, 2685, 2685]], "I": [2801, 0, [2801, 2801, 2801, 2801, 2801, 2801, 2801, 2801, 2801, 2801, 2801, 2801]], "T": [95914, 709, [77495, 78140, 81669, 82141, 84224, 88446, 90941, 93444, 94171, 95501, 95914, 95914]]}}, {"type": "Feature", "geometry": {"type": "Polygon", "coordinates": [[[-72.59752557899992, -38.75922413099994], [-72.59950711099992, -38.760143341999935], [-72.60019422599993, -38.759360639999954], [-72.60285181199993, -38.76097496099993], [-72.60131937699992, -38.76270336999994], [-72.60251178999994, -38.76337206499994], [-72.6009594269999, -38.765074617999915], [-72.5991625339999, -38.76411417699995], [-72.59894169299992, -38.76422226199992], [-72.5970205019999, -38.763173637999955], [-72.59691213099995, -38.7629715459999], [-72.5950733709999, -38.76203470699994], [-72.59752557899992, -38.75922413099994]]]}, "properties": {"zona": "911204005", "comuna": "Padre Las Casas", "H": [43423, 586, [36935, 37227, 37980, 38186, 38630, 39921, 40388, 40786, 42114, 42608, 43096, 43423]], "C": [2906, 60, [2146, 2317, 2411, 2534, 2534, 2534, 2534, 2534, 2708, 2906, 2906, 2906]], "E": [1246, 19, [980, 980, 980, 980, 980, 980, 1246, 1246, 1246, 1246, 1246, 1246]], "S": [0, 0, [0, 0, 0, 0, 0, 0, 0, 0, 0, 0, 0, 0]], "O": [856, 53, [520, 520, 520, 520, 520, 606, 606, 606, 606, 699, 856, 856]], "I": [860, 0, [410, 410, 860, 860, 860, 860, 860, 860, 860, 860, 860, 860]], "T": [49291, 718, [40991, 41454, 42751, 43080, 43524, 44901, 45634, 46032, 47534, 48319, 48964, 49291]]}}, {"type": "Feature", "geometry": {"type": "Polygon", "coordinates": [[[-72.6009594269999, -38.765074617999915], [-72.6024761079999, -38.76329925199991], [-72.60131937699992, -38.76270336999994], [-72.60285181199993, -38.76097496099993], [-72.6068017739999, -38.763360923999926], [-72.60779893299991, -38.764192248999905], [-72.60800203199994, -38.76440469699992], [-72.6073577059999, -38.76415482999994], [-72.60827366199993, -38.765420401999904], [-72.60862111199992, -38.76671558599992], [-72.6085854449999, -38.76755945399992], [-72.60820401299992, -38.76924247799991], [-72.6009594269999, -38.765074617999915]]]}, "properties": {"zona": "911204002", "comuna": "Padre Las Casas", "H": [55048, 1233, [44432, 44753, 45917, 46338, 46653, 47738, 48554, 49291, 51769, 52851, 53962, 55048]], "C": [1530, 17, [1414, 1414, 1414, 1414, 1414, 1414, 1414, 1414, 1530, 1530, 1530, 1530]], "E": [5286, 721, [1176, 1176, 1176, 1176, 2403, 2403, 2403, 2403, 2403, 2403, 2403, 5286]], "S": [410, 0, [410, 410, 410, 410, 410, 410, 410, 410, 410, 410, 410, 410]], "O": [221, 0, [221, 221, 221, 221, 221, 221, 221, 221, 221, 221, 221, 221]], "I": [192, 0, [192, 192, 192, 192, 192, 192, 192, 192, 192, 192, 192, 192]], "T": [62687, 1971, [47845, 48166, 49330, 49751, 51293, 52378, 53194, 53931, 56525, 57607, 58718, 62687]]}}, {"type": "Feature", "geometry": {"type": "Polygon", "coordinates": [[[-72.58954950799995, -38.76401905999995], [-72.59074975599992, -38.76301293899991], [-72.5908899879999, -38.761794977999955], [-72.5911427019999, -38.76103884399993], [-72.59440812199995, -38.76174133999996], [-72.59694854499992, -38.76304601599992], [-72.59575394799992, -38.76436401099994], [-72.59562765699991, -38.765483816999904], [-72.59567733199992, -38.76600457099994], [-72.59488015499994, -38.76558931499994], [-72.59352379299992, -38.76721020799994], [-72.59346046399992, -38.768109900999946], [-72.59063649599995, -38.768024656999955], [-72.59070381599992, -38.76709056399994], [-72.58973848699992, -38.76773412399996], [-72.5894454459999, -38.76841283899995], [-72.58842513699994, -38.76981300299991], [-72.58738428799995, -38.76759447499995], [-72.58710120299992, -38.76755573799994], [-72.58709215199991, -38.76579765699995], [-72.58730856999995, -38.765294326999935], [-72.58802209399994, -38.76447211699991], [-72.58892163099995, -38.76401398899992], [-72.58954950799995, -38.76401905999995]]]}, "properties": {"zona": "911205002", "comuna": "Padre Las Casas", "H": [54178, 1329, [35330, 35330, 39811, 40532, 42283, 44048, 47512, 49356, 52412, 52917, 53498, 54178]], "C": [1860, 0, [1860, 1860, 1860, 1860, 1860, 1860, 1860, 1860, 1860, 1860, 1860, 1860]], "E": [2741, 0, [2741, 2741, 2741, 2741, 2741, 2741, 2741, 2741, 2741, 2741, 2741, 2741]], "S": [0, 0, [0, 0, 0, 0, 0, 0, 0, 0, 0, 0, 0, 0]], "O": [141, 0, [141, 141, 141, 141, 141, 141, 141, 141, 141, 141, 141, 141]], "I": [130, 0, [130, 130, 130, 130, 130, 130, 130, 130, 130, 130, 130, 130]], "T": [59050, 1329, [40202, 40202, 44683, 45404, 47155, 48920, 52384, 54228, 57284, 57789, 58370, 59050]]}}, {"type": "Feature", "geometry": {"type": "Polygon", "coordinates": [[[-72.59571132299993, -38.76448468299992], [-72.59694854499992, -38.76304601599992], [-72.5970205019999, -38.763173637999955], [-72.59894169299992, -38.76422226199992], [-72.5991625339999, -38.76411417699995], [-72.60293450599994, -38.766174829999954], [-72.60820401299992, -38.76924247799991], [-72.60781709399993, -38.770856228999946], [-72.60691509599991, -38.771047480999925], [-72.6031398689999, -38.76892869299991], [-72.60196340899995, -38.76879261399995], [-72.6019916379999, -38.76837995599993], [-72.59639684099994, -38.76821090599992], [-72.59590721299992, -38.76707218699994], [-72.59569813999991, -38.766205319999926], [-72.59562765699991, -38.765483816999904], [-72.59571132299993, -38.76448468299992]]]}, "properties": {"zona": "911205001", "comuna": "Padre Las Casas", "H": [95014, 2410, [67773, 71565, 73717, 75174, 77879, 79584, 83285, 85143, 88987, 90393, 92337, 95014]], "C": [6509, 0, [6387, 6387, 6387, 6387, 6504, 6504, 6509, 6509, 6509, 6509, 6509, 6509]], "E": [2009, 63, [122, 122, 122, 1656, 1656, 1656, 1656, 1656, 1656, 2009, 2009, 2009]], "S": [0, 0, [0, 0, 0, 0, 0, 0, 0, 0, 0, 0, 0, 0]], "O": [284, 32, [136, 136, 136, 136, 136, 136, 136, 136, 136, 136, 284, 284]], "I": [0, 0, [0, 0, 0, 0, 0, 0, 0, 0, 0, 0, 0, 0]], "T": [103816, 2505, [74418, 78210, 80362, 83353, 86175, 87880, 91586, 93444, 97288, 99047, 101139, 103816]]}}, {"type": "Feature", "geometry": {"type": "Polygon", "coordinates": [[[-72.59350775199994, -38.767259432999936], [-72.59488015499994, -38.76558931499994], [-72.59567733199992, -38.76600457099994], [-72.59590721299992, -38.76707218699994], [-72.59755835399994, -38.770728453999936], [-72.59754632699992, -38.77249627799995], [-72.59809557099993, -38.774521303999904], [-72.59540702899994, -38.77506515099992], [-72.5941320949999, -38.77500736299993], [-72.59149067299995, -38.7745060389999], [-72.58921756199993, -38.77429764099992], [-72.5893597139999, -38.77371191599991], [-72.5882576169999, -38.77333793799994], [-72.58893354799994, -38.77213204399993], [-72.58907461399991, -38.77145116399993], [-72.58906653399993, -38.77006357099992], [-72.58875071699993, -38.769856804999904], [-72.58842513699994, -38.76981300299991], [-72.5894454459999, -38.76841283899995], [-72.58973848699992, -38.76773412399996], [-72.59070381599992, -38.76709056399994], [-72.59063649599995, -38.768024656999955], [-72.59346046399992, -38.768109900999946], [-72.59350775199994, -38.767259432999936]]]}, "properties": {"zona": "911205004", "comuna": "Padre Las Casas", "H": [112690, 1737, [59432, 71203, 75547, 76589, 86529, 91128, 103291, 105718, 109688, 110944, 112052, 112690]], "C": [9070, 8, [692, 692, 8995, 8995, 8995, 8995, 8995, 9070, 9070, 9070, 9070, 9070]], "E": [2552, 124, [650, 650, 818, 818, 818, 818, 2552, 2552, 2552, 2552, 2552, 2552]], "S": [4228, 64, [1114, 3634, 3634, 3634, 3634, 3634, 3634, 4228, 4228, 4228, 4228, 4228]], "O": [415, 3, [322, 322, 322, 322, 322, 415, 415, 415, 415, 415, 415, 415]], "I": [0, 0, [0, 0, 0, 0, 0, 0, 0, 0, 0, 0, 0, 0]], "T": [128955, 1936, [62210, 76501, 89316, 90358, 100298, 104990, 118887, 121983, 125953, 127209, 128317, 128955]]}}, {"type": "Feature", "geometry": {"type": "Polygon", "coordinates": [[[-72.58370581399993, -38.76965442099993], [-72.58366871899995, -38.76949358299993], [-72.58440588799994, -38.769015029999935], [-72.58453880399992, -38.76878179399995], [-72.58551582299992, -38.76817424699993], [-72.58713664599992, -38.76754372499994], [-72.58738428799995, -38.76759447499995], [-72.58838390799991, -38.76975566999994], [-72.58892752499992, -38.76994150699994], [-72.58912049499992, -38.770269699999915], [-72.5890110009999, -38.77189325499995], [-72.5882576169999, -38.77333793799994], [-72.58795197799992, -38.774463830999935], [-72.58784476199992, -38.77621387499994], [-72.58806403599993, -38.776645655999914], [-72.58802601699995, -38.77718718099993], [-72.5878844099999, -38.77740589799993], [-72.58853410699993, -38.77810470899993], [-72.5885399629999, -38.77826766699991], [-72.59027422799994, -38.778776373999904], [-72.59064067399993, -38.77935158199995], [-72.58753481899993, -38.77818908499995], [-72.5827739639999, -38.77586146099992], [-72.58051340899993, -38.775118017999944], [-72.57840800299994, -38.77467718199995], [-72.57168539699995, -38.77394723999993], [-72.57095915299993, -38.77227578499992], [-72.5716303609999, -38.77213027599993], [-72.57205215199991, -38.772238090999906], [-72.57296690899994, -38.77206370999994], [-72.5726358089999, -38.77091668399993], [-72.57282620899991, -38.77077180099991], [-72.57301451399991, -38.770221446999926], [-72.57376053399992, -38.76977027999993], [-72.57467253199991, -38.769658905999904], [-72.57574252699993, -38.76933977099992], [-72.57652538899993, -38.76932925199992], [-72.5786070389999, -38.76888833499993], [-72.58130324599995, -38.769458508999946], [-72.58370581399993, -38.76965442099993]]]}, "properties": {"zona": "911206001", "comuna": "Padre Las Casas", "H": [153558, 1665, [73481, 74335, 87112, 115228, 125495, 128062, 130437, 131371, 133434, 134210, 151504, 153558]], "C": [930, 0, [699, 699, 699, 930, 930, 930, 930, 930, 930, 930, 930, 930]], "E": [1713, 0, [500, 500, 500, 500, 1713, 1713, 1713, 1713, 1713, 1713, 1713, 1713]], "S": [0, 0, [0, 0, 0, 0, 0, 0, 0, 0, 0, 0, 0, 0]], "O": [627, 73, [51, 51, 178, 178, 259, 259, 352, 352, 352, 352, 412, 627]], "I": [0, 0, [0, 0, 0, 0, 0, 0, 0, 0, 0, 0, 0, 0]], "T": [156828, 1738, [74731, 75585, 88489, 116836, 128397, 130964, 133432, 134366, 136429, 137205, 154559, 156828]]}}, {"type": "Feature", "geometry": {"type": "Polygon", "coordinates": [[[-72.60205341799991, -38.77145277599993], [-72.59758098799995, -38.77134117799994], [-72.59755835399994, -38.770728453999936], [-72.59639684099994, -38.76821090599992], [-72.6019916379999, -38.76837995599993], [-72.60196340899995, -38.76879261399995], [-72.60283113499992, -38.76887383999991], [-72.60235152599995, -38.77047766299995], [-72.60271107699992, -38.770674251999935], [-72.60267498899992, -38.77080106799991], [-72.60221857399995, -38.77115405199993], [-72.60205341799991, -38.77145277599993]]]}, "properties": {"zona": "911205003", "comuna": "Padre Las Casas", "H": [53614, 661, [47402, 47552, 48130, 48474, 48597, 49411, 50424, 50924, 51886, 52545, 53019, 53614]], "C": [1488, 0, [1386, 1386, 1386, 1386, 1488, 1488, 1488, 1488, 1488, 1488, 1488, 1488]], "E": [733, 0, [278, 278, 278, 278, 733, 733, 733, 733, 733, 733, 733, 733]], "S": [0, 0, [0, 0, 0, 0, 0, 0, 0, 0, 0, 0, 0, 0]], "O": [86, 18, [0, 0, 0, 0, 0, 0, 0, 0, 0, 0, 86, 86]], "I": [64, 0, [64, 64, 64, 64, 64, 64, 64, 64, 64, 64, 64, 64]], "T": [55985, 679, [49130, 49280, 49858, 50202, 50882, 51696, 52709, 53209, 54171, 54830, 55390, 55985]]}}, {"type": "Feature", "geometry": {"type": "Polygon", "coordinates": [[[-72.60259812599992, -38.770913916999916], [-72.60271107699992, -38.770674251999935], [-72.60235152599995, -38.77047766299995], [-72.60283113499992, -38.76887383999991], [-72.60329059399993, -38.76900640999992], [-72.60691509599991, -38.771047480999925], [-72.60781709399993, -38.770856228999946], [-72.60706491899992, -38.7740779369999], [-72.60585464499991, -38.77389673099992], [-72.6050501819999, -38.77401088399995], [-72.6039972449999, -38.77432716499993], [-72.60245401199995, -38.775106396999945], [-72.60244445699993, -38.775389952999944], [-72.6018063759999, -38.77523492799992], [-72.60151233999994, -38.77557598599992], [-72.60111150499995, -38.7758045999999], [-72.59822724799994, -38.77617630599991], [-72.59827390899994, -38.7754665139999], [-72.59754632699992, -38.77249627799995], [-72.59758098799995, -38.77134117799994], [-72.6020002649999, -38.77146224499995], [-72.60221857399995, -38.77115405199993], [-72.60259812599992, -38.770913916999916]]]}, "properties": {"zona": "911205007", "comuna": "Padre Las Casas", "H": [56512, 744, [37136, 37360, 37712, 38190, 38349, 38921, 39265, 40038, 41124, 55126, 55650, 56512]], "C": [4407, 21, [4287, 4287, 4287, 4287, 4287, 4287, 4287, 4287, 4287, 4407, 4407, 4407]], "E": [0, 0, [0, 0, 0, 0, 0, 0, 0, 0, 0, 0, 0, 0]], "S": [0, 0, [0, 0, 0, 0, 0, 0, 0, 0, 0, 0, 0, 0]], "O": [0, 0, [0, 0, 0, 0, 0, 0, 0, 0, 0, 0, 0, 0]], "I": [0, 0, [0, 0, 0, 0, 0, 0, 0, 0, 0, 0, 0, 0]], "T": [60919, 765, [41423, 41647, 41999, 42477, 42636, 43208, 43552, 44325, 45411, 59533, 60057, 60919]]}}, {"type": "Feature", "geometry": {"type": "Polygon", "coordinates": [[[-72.58789410599991, -38.77498998899995], [-72.5882576169999, -38.77333793799994], [-72.5893597139999, -38.77371191599991], [-72.58921756199993, -38.77429764099992], [-72.59149067299995, -38.7745060389999], [-72.5941320949999, -38.77500736299993], [-72.59540702899994, -38.77506515099992], [-72.59809557099993, -38.774521303999904], [-72.59827390899994, -38.7754665139999], [-72.59822724799994, -38.77617630599991], [-72.59833311999995, -38.77616294099994], [-72.59874476699991, -38.7779964419999], [-72.60110181399995, -38.777480057999924], [-72.60190622999994, -38.77857738799992], [-72.60208908499993, -38.77944043899993], [-72.60239934299995, -38.779983571999935], [-72.60232064699994, -38.78083258999993], [-72.60135185299993, -38.7816703979999], [-72.6011615189999, -38.781964580999954], [-72.60113466799993, -38.782268477999935], [-72.5941293809999, -38.78058325799992], [-72.59064067399993, -38.77935158199995], [-72.59027422799994, -38.778776373999904], [-72.5885399629999, -38.77826766699991], [-72.58853410699993, -38.77810470899993], [-72.58790002299992, -38.7774476699999], [-72.58802601699995, -38.77718718099993], [-72.58806403599993, -38.776645655999914], [-72.58784476199992, -38.77621387499994], [-72.58789410599991, -38.77498998899995]]]}, "properties": {"zona": "911205006", "comuna": "Padre Las Casas", "H": [98687, 1056, [71066, 71501, 72724, 74061, 74916, 77583, 93657, 93923, 95544, 97378, 98198, 98687]], "C": [330, 0, [254, 254, 254, 330, 330, 330, 330, 330, 330, 330, 330, 330]], "E": [714, 26, [0, 0, 0, 0, 0, 714, 714, 714, 714, 714, 714, 714]], "S": [0, 0, [0, 0, 0, 0, 0, 0, 0, 0, 0, 0, 0, 0]], "O": [0, 0, [0, 0, 0, 0, 0, 0, 0, 0, 0, 0, 0, 0]], "I": [0, 0, [0, 0, 0, 0, 0, 0, 0, 0, 0, 0, 0, 0]], "T": [99731, 1082, [71320, 71755, 72978, 74391, 75246, 78627, 94701, 94967, 96588, 98422, 99242, 99731]]}}, {"type": "Feature", "geometry": {"type": "Polygon", "coordinates": [[[-72.6024241579999, -38.775175041999944], [-72.6039972449999, -38.77432716499993], [-72.6050501819999, -38.77401088399995], [-72.60585464499991, -38.77389673099992], [-72.60706491899992, -38.7740779369999], [-72.6067694809999, -38.775728027999946], [-72.60685546699995, -38.7770147249999], [-72.6017482929999, -38.777340712999944], [-72.59874476699991, -38.7779964419999], [-72.59833311999995, -38.77616294099994], [-72.60111150499995, -38.7758045999999], [-72.60151233999994, -38.77557598599992], [-72.6018063759999, -38.77523492799992], [-72.60244445699993, -38.775389952999944], [-72.6024241579999, -38.775175041999944]]]}, "properties": {"zona": "911205005", "comuna": "Padre Las Casas", "H": [36125, 672, [29341, 29423, 29852, 31245, 31644, 32161, 32560, 33114, 34370, 34711, 35499, 36125]], "C": [432, 0, [432, 432, 432, 432, 432, 432, 432, 432, 432, 432, 432, 432]], "E": [150, 0, [150, 150, 150, 150, 150, 150, 150, 150, 150, 150, 150, 150]], "S": [0, 0, [0, 0, 0, 0, 0, 0, 0, 0, 0, 0, 0, 0]], "O": [0, 0, [0, 0, 0, 0, 0, 0, 0, 0, 0, 0, 0, 0]], "I": [0, 0, [0, 0, 0, 0, 0, 0, 0, 0, 0, 0, 0, 0]], "T": [36707, 672, [29923, 30005, 30434, 31827, 32226, 32743, 33142, 33696, 34952, 35293, 36081, 36707]]}}, {"type": "Feature", "geometry": {"type": "Polygon", "coordinates": [[[-72.58574845499993, -38.75407020599994], [-72.58617590299991, -38.75337532899994], [-72.58771241799991, -38.7528163689999], [-72.58806552499993, -38.75325378799994], [-72.58870633399994, -38.75370104299992], [-72.59046821999993, -38.75601087399991], [-72.59083897199991, -38.75632035399991], [-72.58995145699993, -38.756856161999906], [-72.59025577599994, -38.758284155999945], [-72.58822773299994, -38.75766302199992], [-72.5900512579999, -38.76275976499994], [-72.59083688899995, -38.76257824399994], [-72.59082527099991, -38.76273518699992], [-72.59074975599992, -38.76301293899991], [-72.58997256099991, -38.76360437899996], [-72.58973309099991, -38.76394695999994], [-72.58903791099993, -38.76398190999993], [-72.58825571699992, -38.76431602799994], [-72.58788115699991, -38.76458840099991], [-72.58730856999995, -38.765294326999935], [-72.58707514799994, -38.765943129999926], [-72.58710120299992, -38.76755573799994], [-72.58551582299992, -38.76817424699993], [-72.58453880399992, -38.76878179399995], [-72.58440588799994, -38.769015029999935], [-72.58366871899995, -38.76949358299993], [-72.58371165299991, -38.7696797399999], [-72.58130324599995, -38.769458508999946], [-72.57890999999995, -38.768912960999955], [-72.57845942199992, -38.76889788799991], [-72.57702998999991, -38.76924427299991], [-72.57579807199994, -38.769330633999914], [-72.57467253199991, -38.769658905999904], [-72.57376053399992, -38.76977027999993], [-72.57301451399991, -38.770221446999926], [-72.5727704649999, -38.770758652999916], [-72.5715679409999, -38.77007798599993], [-72.5712195079999, -38.76967865699993], [-72.57082284299992, -38.76971140999996], [-72.57042763299995, -38.76843245899994], [-72.57156622799994, -38.76857878699991], [-72.57291171399993, -38.768332641999905], [-72.57562597099991, -38.767210389999946], [-72.57605223299993, -38.76721163199994], [-72.57717650599994, -38.76753468499993], [-72.57805335099994, -38.767536409999934], [-72.57899564399992, -38.76776984399993], [-72.57982439499995, -38.76772297999992], [-72.58090272999993, -38.76828335599993], [-72.58169715299994, -38.768280431999926], [-72.58297156399993, -38.76683557599995], [-72.5821411789999, -38.76534796699991], [-72.58324532599994, -38.76498506599995], [-72.58388802199994, -38.76607175299995], [-72.58402891499992, -38.76614965199991], [-72.58430461599994, -38.76545478499992], [-72.5850119129999, -38.764260459999946], [-72.5855085099999, -38.764006142999904], [-72.58647301499991, -38.763903640999956], [-72.58606234299992, -38.76342772899994], [-72.58546089999993, -38.762157921999915], [-72.58579364399992, -38.76177369699991], [-72.5856123499999, -38.76132955499992], [-72.58668883799993, -38.76111453199991], [-72.58659052899992, -38.76071221199993], [-72.5869401089999, -38.76060888299992], [-72.58650830899995, -38.759661552999944], [-72.58568789599991, -38.75951315499992], [-72.5854308829999, -38.758568736999905], [-72.58444574599991, -38.75739152999995], [-72.58437589699992, -38.757181390999904], [-72.58438827599991, -38.756977254999924], [-72.58453504199991, -38.75683212599995], [-72.5852102739999, -38.757004440999935], [-72.5852236849999, -38.756018715999915], [-72.58433975399993, -38.755918434999955], [-72.58504153699994, -38.75411373499992], [-72.58574845499993, -38.75407020599994]]]}, "properties": {"zona": "911204003", "comuna": "Padre Las Casas", "H": [69811, 806, [35158, 35327, 35733, 36163, 37250, 37530, 65274, 66395, 67943, 68615, 69215, 69811]], "C": [1744, 5, [920, 1601, 1601, 1601, 1601, 1744, 1744, 1744, 1744, 1744, 1744, 1744]], "E": [348, 75, [0, 0, 0, 0, 0, 0, 0, 0, 0, 0, 348, 348]], "S": [0, 0, [0, 0, 0, 0, 0, 0, 0, 0, 0, 0, 0, 0]], "O": [514, 14, [384, 384, 384, 384, 384, 384, 384, 514, 514, 514, 514, 514]], "I": [1327, 301, [124, 124, 124, 124, 124, 124, 124, 124, 124, 124, 124, 1327]], "T": [73744, 1201, [36586, 37436, 37842, 38272, 39359, 39782, 67526, 68777, 70325, 70997, 71945, 73744]]}}, {"type": "Feature", "geometry": {"type": "Polygon", "coordinates": [[[-72.3857137249999, -38.864661235999904], [-72.39103816799991, -38.86340135599994], [-72.39166300999995, -38.86489177699991], [-72.39093278999991, -38.865136950999954], [-72.3917009889999, -38.86673123499992], [-72.3923503879999, -38.86657178799993], [-72.39260445999992, -38.867217818999904], [-72.39157903999995, -38.86744897199992], [-72.39226592699993, -38.86922267299991], [-72.39263403399991, -38.869136185999935], [-72.3928070039999, -38.869581972999924], [-72.39699061399995, -38.86857176399991], [-72.3992044439999, -38.87434398599993], [-72.39363469499995, -38.87575887499992], [-72.39174882899994, -38.87106689199993], [-72.38776817999991, -38.872424416999934], [-72.38802175399991, -38.87299628499994], [-72.38714022399995, -38.87324554199995], [-72.3855126169999, -38.86955153699995], [-72.38667172399994, -38.86823909599991], [-72.38877705399995, -38.867482096999936], [-72.38687064099992, -38.86513338599991], [-72.38595469199993, -38.86533582399994], [-72.3857137249999, -38.864661235999904]]]}, "properties": {"zona": "911207001", "comuna": "Padre Las Casas", "H": [56497, 2214, [24765, 25346, 26334, 28705, 32068, 41729, 45387, 48064, 51118, 52663, 55019, 56497]], "C": [294, 34, [157, 157, 157, 157, 157, 157, 157, 157, 157, 157, 157, 294]], "E": [3573, 638, [0, 0, 0, 0, 0, 0, 0, 0, 0, 3573, 3573, 3573]], "S": [150, 0, [150, 150, 150, 150, 150, 150, 150, 150, 150, 150, 150, 150]], "O": [80, 3, [0, 0, 0, 0, 0, 80, 80, 80, 80, 80, 80, 80]], "I": [0, 0, [0, 0, 0, 0, 0, 0, 0, 0, 0, 0, 0, 0]], "T": [60594, 2889, [25072, 25653, 26641, 29012, 32375, 42116, 45774, 48451, 51505, 56623, 58979, 60594]]}}]}